No,チャプター,質問,解答
1,古代オリエント,ラテン語で日の昇るところという意味のエジプトから西アジアにかけての地域のことを何と言うか,オリエント
2,古代オリエント,川の間地域という意味でティグリス・ユーフラテス川の流れる地域を何というか,メソポタミア
3,古代オリエント,民族系統不明で紀元前3000年くらいにメソポタミア南部にもっとも早く都市国家を作った民族を何と言うか,シュメール人
4,古代オリエント,シュメール人が粘土板に刻んで使用した文字を何というか,楔形文字
5,古代オリエント,紀元前18世紀頃メソポタミアを征服しバビロン第一王朝に最盛期をもたらした六代目の王は誰か,ハンムラビ王
6,古代オリエント,紀元前18世紀にアナトリアを支配し世界最古の鉄製武器と戦車によってバビロン第一王朝を滅ぼした民族を何と言うか,ヒッタイト
7,古代オリエント,アトンを唯一神とする宗教改革を断行し自らをアクエンアテンと称してテル・エル・アマルナに遷都したエジプト新王国時代の王を何と言うか,アメンホテプ4世
8,古代オリエント,古代エジプト人がミイラと共に副葬した死後の世界への案内書を何というか,死者の書
9,古代オリエント,古代エジプト人がナイル川の氾濫をもとに作成した暦を何というか,太陽暦
10,古代オリエント,古代エジプト人が使用した象形文字で碑文墓などに刻まれた最初のエジプト文字を何と言うか,神聖文字
11,古代オリエント,神聖文字解読のきっかけとなったナポレオンのエジプト遠征中に発見された石碑を何というか,ロゼッタストーン
12,古代オリエント,紀元前13世紀末から紀元前12世紀初めに東地中海全域で活動しヒッタイトを滅ぼしてエジプトを衰退させた諸民族の集団を何というか,海の民
13,古代オリエント,古代オリエントでシリアに多くの都市国家を作りダマスクスを中心に陸上の中継貿易に活躍したセム系遊牧民を何というか,アラム人
14,古代オリエント,紀元前12世紀以降地中海貿易を独占しシドン・ティルスなどの都市国家を建設したセム系民族を何と言うか,フェニキア人
15,古代オリエント,紀元前1500年頃パレスチナに定住したセム系の遊牧民を何と言うか,ヘブライ人
16,古代オリエント,紀元前13世紀頃ヘブライ人はエジプト新王国からの脱出通称出エジプトでパレスチナに移ったその時の指導者は誰か,モーセ
17,古代オリエント,ユダ王国が新バビロニアに征服されて住民の多くがバビロンに連れ去られた出来事を何と言うか,バビロン捕囚
18,古代オリエント,アッシリア王国が滅びた後4つの王国が分裂したそのうち最も強勢であったセム語系民族の国はなんというか,新バビロニア
19,古代オリエント,紀元前6世紀にオリエントを再統一したペルシア人の王朝を何というか,アケメネス朝
20,古代オリエント,ペルシアが各州においたサトラップを監視するため中央から派遣した観察官を何と言うか,王の目・王の耳
21,古代オリエント,紀元前7世紀頃に生まれた世界を善と悪の神の対立と捉え火の崇拝を重視して拝火教とも呼ばれたペルシア人の宗教を何と言うか,ゾロアスター教
22,古代オリエント,紀元前3世紀にイラン系遊牧民がカスピ海東南に建てた国を何と言うか,パルティア
23,古代オリエント,パルティアを倒しイラン系の農耕民が建てた王朝を何と言うか,ササン朝
24,古代オリエント,中央アジアから進入した遊牧騎馬民族エフタルをトルコ系遊牧民の突厥と同盟して滅ぼした王は誰か,ホスロー1世
25,古代オリエント,3世紀前半ササン朝でゾロアスター教や仏教キリスト教の要素を融合して成立した宗教を何と言うか,マニ教
26,古代オリエント,アッシリアが滅亡した年号は何か,前612年
27,古代オリエント,アケメネス朝ペルシアが全オリエントを統一した年号は何か,前525年
28,古代オリエント,キュロス2世の活躍でバビロン捕囚が終結した年号は何か,前538年
29,古代オリエント,ササン朝ペルシアが成立した年号は何か,224年
30,古代オリエント,エフタルが滅亡したのは何世紀か,6世紀
31,ギリシア・ローマ,紀元前20世紀から紀元前12世紀頃にエーゲ海を中心に栄えたエーゲ文明で初めに栄えた文明を何というか,クレタ文明
32,ギリシア・ローマ,紀元前16世紀頃からギリシア本土でクレタやオリエントの影響を受けて栄えた文明を何と言うか,ミケーネ文明
33,ギリシア・ローマ,ギリシア人が紀元前8世紀頃から集住して形成された都市国家を何と言うか,ポリス
34,ギリシア・ローマ,紀元前508年に部族制を解体するなどアテネ民主制の基礎を築いた人物は誰か,クレイステネス
35,ギリシア・ローマ,紀元前500年から始まったアケメネス朝とギリシアのポリスの戦争を何というか,ペルシア戦争
36,ギリシア・ローマ,紀元前480年にアテネ海軍がペルシア海軍に大勝利を収めたサラミスの海戦のアテネ側の指導者は誰か,テミストクレス
37,ギリシア・ローマ,紀元前5世紀頃のアテネ民主政治の全盛期の指導者は誰か,ペリクレス
38,ギリシア・ローマ,アテネを中心とする軍事同盟とスパルタを中心とする軍事同盟のギリシアの覇権を巡る戦いを何というか,ペロポネソス戦争
39,ギリシア・ローマ,ギリシアの覇権はアテネからスパルタに移ったがさらに紀元前4世紀頃になると一時中部ギリシアのアイオリス人のポリスに移ったそのアイオリス人のポリスはどこか,テーベ
40,ギリシア・ローマ,フィリッポス2世を王とするマケドニア王国がアテネ・テーベの連合軍を撃破し全ギリシアを制圧した戦いを何というか,カイロネイアの戦い
41,ギリシア・ローマ,フィリッポス2世の子で東方遠征によって大帝国を築いた王は誰か,アレクサンドロス大王
42,ギリシア・ローマ,紀元前334年のアレクサンドロス大王の東方遠征からギリシア人が盛んに東方に移住したためギリシア文化と東方の要素が融合して新しい文化が生まれたこの文化を何と言うか,ヘレニズム文化
43,ギリシア・ローマ,トスカーナ地方を中心に定住していた系統不明の先住民族を何と言うか,エトルリア人
44,ギリシア・ローマ,ローマは紀元前3世紀前半頃にイタリア半島を統一したが征服した都市が団結して反抗するのを恐れ各都市の待遇に差別を設けたこのような統治の仕方を何と言うか,分割統治
45,ギリシア・ローマ,3回にわたるローマとカルタゴの戦いを何と言うか,ポエニ戦争
46,ギリシア・ローマ,古代ローマでは奴隷を使用してオリーブやブドウを生産する大土地経営が行われたがこれを何というか,ラティフンディア
47,ギリシア・ローマ,紀元前2世紀頃に大土地所有者の土地を没収して貧民に分け自作農を多数作ろうとした改革を行った兄弟は誰か,グラックス兄弟
48,ギリシア・ローマ,紀元前60年にポンペイウス、クラッスス、カエサルの3人の実力者が手を組んでローマの政治を左右したがこの政治を何と言うか,第1回三頭政治
49,ギリシア・ローマ,カエサルの養子であるオクタヴィアヌスが紀元前27年に元老院から受けた尊厳者の意味の称号を何というか,アウグストゥス
50,ギリシア・ローマ,オクタヴィアヌスから五賢帝時代に至るまでのローマ帝国の最盛期を何というか,パックス・ロマーナ
51,ギリシア・ローマ,ディオクレティアヌス帝は皇帝崇拝を強化してオリエント風の専制政治を行ったがこれ以降の時代のことを何と言うか,ドミナトゥスの時代
52,ギリシア・ローマ,395年にローマ帝国を東西に分割して2人の子に分け与えた皇帝は誰か,テオドシウス帝
53,ギリシア・ローマ,ギリシア語の共通語であるコイネーで書かれたキリスト教の聖典を何と言うか,新約聖書
54,ギリシア・ローマ,313年にコンスタティヌス帝がキリスト教を公認するために発した勅令をなんというか,ミラノ勅令
55,ギリシア・ローマ,325年コンスタティヌス帝はキリスト教会初の公会議を開いたがこれを何と言うか,ニケーア公会議
56,ギリシア・ローマ,6世紀前半に東ローマ帝国のユスティニアヌス帝は古代ローマ法の集大成を行わせたがこれをなんというか,ローマ法大全
57,ギリシア・ローマ,ドラコンの成文法が成立した年号は何か,前621年
58,ギリシア・ローマ,ペルシア戦争が始まった年号は何か,前500年
59,ギリシア・ローマ,マラトンの戦いの年号は何か,前490年
60,ギリシア・ローマ,ペロポネソス戦争が始まった年号は何か,前431年
61,ギリシア・ローマ,ローマの五賢帝の時代は何年から何年までか,96年から180年まで
62,古代インドと東南アジア,インダス川を中心として栄えた都市文明を何と言うか,インダス文明
63,古代インドと東南アジア,インダス文明の代表的遺跡でインダス川下流のシンド地方にある遺跡は何か,モヘンジョダロ
64,古代インドと東南アジア,インド先住民族の一つでカイバル峠を越えてインドに侵入した人々を何と言うか,アーリヤ人
65,古代インドと東南アジア,インドではバラモン教の成立と共に生まれたバラモン・クシャトリア・バイシャ・シュードラという4つの基本的な身分の区別のことを何と言うか,ヴァルナ
66,古代インドと東南アジア,ヴァルナ制とジャティが結びついたインド独自の身分制度を何と言うか,カースト制度
67,古代インドと東南アジア,バラモン教の祭祀至上主義から転換して内面の思索を重視する世界最古の哲学を何と言うか,ウパニシャッド哲学
68,古代インドと東南アジア,仏教を開いた人物は誰か,ガウタマ・シッダールタ
69,古代インドと東南アジア,ジャイナ教を開いた人物は誰か,ヴァルダマーナ
70,古代インドと東南アジア,アレクサンドロス大王がインドに侵入した直後にできたインド最初の統一王朝は何か,マウリヤ朝
71,古代インドと東南アジア,マウリヤ朝第3代の王で初めてインドを統一した王は誰か,アショーカ王
72,古代インドと東南アジア,1世紀の中頃アフガニスタンに王朝を建て西北インドに侵入した王朝は何か,クシャーナ朝
73,古代インドと東南アジア,クシャーナ朝の最盛期の王は誰か,カニシカ王
74,古代インドと東南アジア,カニシカ王の時代に最盛期を迎えたギリシア式の仏教美術を何と言うか,ガンダーラ美術
75,古代インドと東南アジア,クシャーナ朝の仏教で他の仏教と違い万人の救済を目指した仏教を何と言うか,大乗仏教
76,古代インドと東南アジア,4世紀頃にマウリヤ朝・西北インドに存在したクシャーナ朝に次いで起こった北インド全域を支配する統一王朝を何というか,グプタ朝
77,古代インドと東南アジア,バラタ族同士の戦闘を扱った古代インドの二大叙事詩の一つを何というか,マハーバーラタ
78,古代インドと東南アジア,コーサラ国の王子ラーマ王子の活躍を描いた古代インドの二大叙事詩の一つをなんというか,ラーマーヤナ
79,古代インドと東南アジア,紀元前後頃に成立しヒンドゥー教の生活指導書として尊ばれてきた法典を何と言うか,マヌ法典
80,古代インドと東南アジア,グプタ様式の壁画で名高いインド西部の石窟寺院を何と言うか,アジャンター石窟寺院
81,古代インドと東南アジア,グプタ朝時代に民間信仰や慣習を吸収して成立した宗教を何というか,ヒンドゥー教
82,古代インドと東南アジア,古代インドの文章語をなんというか,サンスクリット語
83,古代インドと東南アジア,ヴァルダナ朝の王ハルシャ・ヴァルダナの時代にインドを訪れ大唐西域記を表した唐僧は誰か,玄奘
84,古代インドと東南アジア,グプタ朝を衰退させた中央アジアの遊牧民は何か,エフタル
85,古代インドと東南アジア,東南アジア最古とされる王朝で1世紀末にメコン川下流域に建てられた国を何と言うか,扶南
86,古代インドと東南アジア,2世紀にチャム人がベトナム中部に建てた国を何と言うか,チャンパー
87,古代インドと東南アジア,アンコール朝の都に建てられた寺院で代表的な遺跡を何というか,アンコール・ワット
88,古代インドと東南アジア,7世紀にスマトラ島のパレンバンを中心に建てられ海上貿易で栄えた国を何と言うか,シュリーヴィジャヤ王国
89,古代インドと東南アジア,8世紀にジャワ島に起こり大乗仏教が盛んであった国は何か,シャイレーンドラ朝
90,古代インドと東南アジア,シャイレーンドラ朝の代表的遺跡は何か,ボロブドゥール
91,古代中国と南北アメリカ,素焼きの表面を研磨して赤黒白などで模様を施した土器を何というか,彩文土器
92,古代中国と南北アメリカ,黒色で薄手の良質な磨研土器を何というか,黒陶
93,古代中国と南北アメリカ,現在確認できる中国最古の王朝を何というか,商（殷）
94,古代中国と南北アメリカ,商に代わった王朝を何と言うか,周
95,古代中国と南北アメリカ,周の王朝が行った統治制度を何というか,封建制度
96,古代中国と南北アメリカ,周が紀元前770年に異民族の侵入を受けて東方に都を移してから秦の始皇帝が天下を統一する紀元前221年までを何と言うか,春秋・戦国時代
97,古代中国と南北アメリカ,春秋時代中期以降に農業生産力を高めた生産用具は何か,鉄製農具
98,古代中国と南北アメリカ,鉄製農具とともに農業生産力を高めた牛を使用する農法を何と言うか,牛耕
99,古代中国と南北アメリカ,戦国時代で流通した斉・燕の国で使用された貨幣、韓・魏・趙の国で使用された貨幣はそれぞれ何というか,刀銭・布銭
100,古代中国と南北アメリカ,孔子を祖とする学派を何というか,儒家
101,古代中国と南北アメリカ,儒家の思想を人為的な虚礼を説くものだとして退け無為自然を説いた学派を何と言うか,道家
102,古代中国と南北アメリカ,君主の信賞必罰や法治主義を主張した法家の代表的人物の一人を答えよ,韓非
103,古代中国と南北アメリカ,紀元前221年に中国最初の統一国家が成立したがこの国を何と言うか,秦
104,古代中国と南北アメリカ,秦王の政は天下を統一しなんとなのったか,始皇帝
105,古代中国と南北アメリカ,始皇帝によって実施された全国に郡や県を置き皇帝が中央から派遣した官僚に治めさせるような統治制度を何というか,郡県制
106,古代中国と南北アメリカ,秦末の農民反乱を何というか,陳勝・呉広の乱
107,古代中国と南北アメリカ,農民出身でその軍勢を破って中国を再統一した人物は誰か,劉邦
108,古代中国と南北アメリカ,中央集権体制を確立した前漢第7代の皇帝は誰か,武帝
109,古代中国と南北アメリカ,武帝は匈奴を挟み撃ちにするために大月氏に使者を送ったがこの使者は誰か,張騫
110,古代中国と南北アメリカ,武帝は度重なる外征の結果財政難になったために専売を行ったがこの専売を行った3つの商品を挙げよ,塩・鉄・酒
111,古代中国と南北アメリカ,去勢された男子であるが皇帝に仕えて秘書の役割を果たした人々を何と言うか,宦官
112,古代中国と南北アメリカ,前漢の皇帝の外戚で前漢を奪い新王朝を建てたのは誰か,王莽
113,古代中国と南北アメリカ,洛陽を都とした王朝である後漢の初代皇帝は誰か,光武帝（劉秀）
114,古代中国と南北アメリカ,班超の部下で紀元1世紀にカスピ海へと50余りの国を服属させた人物は誰か,甘英
115,古代中国と南北アメリカ,184年に後漢滅亡のきっかけになった農民反乱を何と言うか,黄巾の乱
116,古代中国と南北アメリカ,前漢の歴史家で将軍李陵を弁護したために武帝により宮刑に処せられたのは誰か,司馬遷
117,古代中国と南北アメリカ,4世紀から9世紀頃にかけて中央アメリカのユカタン半島に栄えた文明を何と言うか,マヤ文明
118,古代中国と南北アメリカ,15世紀後半にエクアドルからチリに形成された広大な大帝国を何と言うか,インカ帝国
119,古代中国と南北アメリカ,インカ帝国の人は文字の代わりに縄の結び方で記録を残したがこれを何と言うか,キープ
120,内陸アジア,漢の高祖を包囲した匈奴の王は誰か,冒頓単于
121,内陸アジア,五胡の一つで中国の河北を統一した遊牧民は何か,鮮卑
122,内陸アジア,中央アジアの草原地帯を本拠地とするトルコ民族が6世紀にモンゴル高原に建てた国を何というか,突厥
123,内陸アジア,8世紀半ばに東突厥を滅ぼし9世紀にキルギスによって滅ぼされたトルコ系遊牧民は何か,ウイグル
124,内陸アジア,ソグディアナ地方のイラン系遊牧民を何と言うか,ソグド人
125,内陸アジア,モンゴル帝国の建設者は誰か,チンギス・ハン
126,内陸アジア,チンギス・ハンの第3子でモンゴル帝国第2代の皇帝になったのは誰か,オゴタイ・ハン
127,内陸アジア,チンギス・ハンの長男ジュチの子供でヨーロッパ遠征で活躍したのは誰か,バトゥ
128,内陸アジア,バトゥのヨーロッパ遠征軍が1241年ポーランドでドイツ・ポーランドの諸侯連合軍を壊滅させた戦いを何というか,ワールシュタットの戦い
129,内陸アジア,バトゥが西征の帰り道に南ロシアに建てた遊牧国家を何というか,キプチャク・ハン国
130,内陸アジア,イランを中心に建てた農耕的国家を何というか,イル・ハン国
131,内陸アジア,フビライの即位に反対したオゴタイの孫は誰か,ハイドゥ
132,内陸アジア,フビライ・ハンは中国経営に専心し1264年どこに都を定めたか,大都
133,内陸アジア,元がモンゴル人に次いで重く用いた中央アジア・西アジア出身者を何と言うか,色目人
134,内陸アジア,商業の利を重視したモンゴルは交通路の整備に努めたがその交通制度を何と言うか,駅伝制（ジャムチ）
135,内陸アジア,元では各駅にある馬や食料を利用するための旅行者用の証明書を発行したがこれを何と言うか,牌子
136,内陸アジア,元の主要な紙幣は何か,交鈔
137,内陸アジア,元の滅亡のきっかけとなった大農民反乱を何というか,紅巾の乱
138,内陸アジア,ローマ教皇ニコラウス4世の使節として1294年元の大都に行きカトリック教の布教に成功したのは誰か,モンテコルヴィノ
139,内陸アジア,モロッコ出身の大旅行家で30年間アフリカ・アラビア・ペルシア・インド・中国などを旅行し帰国後に旅行記（三大陸周遊記）を表したのは誰か,イブン・バトゥータ
140,内陸アジア,フビライ・ハンに用いられた郭守敬が1280年に作成した暦法を何と言うか,授時暦
141,内陸アジア,起源はアラム文字でチンギス・ハンがこの文字をもとにして作らせた文字をなんというか,ウイグル文字
142,内陸アジア,元代に特に発達した歌劇を何と言うか,元曲
143,内陸アジア,13世紀頃のタイでモンゴル人の雲南侵入に押されて南下したタイ人が作った王朝を何というか,スコータイ朝
144,内陸アジア,13世紀末ジャワで元軍の侵攻をきっかけに建てられた国は何か,マジャパヒト王国
145,イスラーム,メッカの大モスクの中央には黒色の建物があるその建物を何というか,カバ神殿
146,イスラーム,ムハンマドがメッカからメディナに移住した事件を何と言うか,ヒジュラ（聖遷）
147,イスラーム,イスラム教の聖典を何と言うか,クルアーン（コーラン）
148,イスラーム,アラビア語でムハンマドの後継者を何と言うか,カリフ
149,イスラーム,ムハンマドの娘婿で第4代のカリフは誰か,アリー
150,イスラーム,661年にシリアのダマスクスを都として成立したウマイヤ朝の初代カリフは誰か,ムアウィヤ
151,イスラーム,ウマイヤ朝がフランク王国に侵入して732年に大敗した戦いをなんというか,トゥール・ポワティエ間の戦い
152,イスラーム,イスラム教徒が信仰・生命・財産の保全を認めてもらう代わりに納めた人頭税を何と言うか,ジズヤ
153,イスラーム,イスラム世界で征服地の住民に課せられた土地に関する税をなんというか,ハラージュ
154,イスラーム,アッバース朝の最盛期の王でビザンツ帝国への親征などを行ったのは誰か,ハールーン・アッラシード
155,イスラーム,909年にチュニジアに建国され969年にエジプトを征服したシーア派の一派イスマイル派の王朝は何か,ファーティマ朝
156,イスラーム,946年にバグダードを占領しアッバース朝カリフの実権を奪った国を何か,ブワイフ朝
157,イスラーム,1055年ブワイフ朝を倒して西アジアの大半を制圧した国は何か,セルジューク朝
158,イスラーム,セルジューク朝の始祖であるトゥグリルーベクがカリフから受けた支配者を意味するイスラム世界最初の世俗君主の称号を何と言うか,スルタン
159,イスラーム,シーア派のファーティマ朝に続いてエジプト・シリアに成立したスンナ派の王朝を何と言うか,アイユーブ朝
160,イスラーム,ゴール朝の将軍が13世紀初めにデリーに自立して開いたインド最初のイスラム王朝は何か,奴隷王朝
161,イスラーム,紀元前8世紀に一時エジプトを滅ぼしたエジプトを除けば現在最も古いアフリカ人の国として知られるナイル川上流にできた国は何か,クシュ王国
162,イスラーム,現在のモーリタニア南東部を中心に8世紀以前に建てられた金の産地の黒人王国は何か,ガーナ王国
163,イスラーム,『歴史序説』を表したのは誰か,イブン・ハルドゥーン
164,イスラーム,アラビア文学の代表作でインド・イラン・アラビア・ギリシアなどを起源とする説話の集大成を何というか,千夜一夜物語
165,イスラーム,数学や天文学にも優れ極めて正確な太陽暦の作成に関わった『ルバイヤート』の作者は誰か,ウマル・ハイヤーム
166,イスラーム,イスラム教の礼拝堂を何と言うか,モスク
167,イスラーム,13世紀にナスル朝がグラナダに造営した宮殿は何か,アルハンブラ宮殿
168,イスラーム,ヒジュラの年号は何か,622年
169,イスラーム,ウマイヤ朝が成立した年号は何か,661年
170,イスラーム,アッバース朝が成立した年号は何か,750年
171,イスラーム,セルジューク朝がバグダードを制圧した年号は何か,1055年
172,イスラーム,奴隷王朝が成立した年号は何か,1206年
173,ヨーロッパ誕生,ゲルマン人の大移動後イベリア半島に建国したゲルマン部族を何と言うか,西ゴート人
174,ヨーロッパ誕生,ライン川東岸の原住地を保ちながらもガリア北部へ拡大しゲルマン国家の中で最強の国家を作った部族は何か,フランク人
175,ヨーロッパ誕生,カール・マルテルの子でフランクのカロリング朝を創始したのは誰か,ピピン3世
176,ヨーロッパ誕生,9世紀初期にフランク王国の領土が最大になった時の王は誰か,カール大帝
177,ヨーロッパ誕生,カール大帝に西ローマ帝国の冠を授けた教皇は誰か,レオ3世
178,ヨーロッパ誕生,962年北イタリアを制圧して教皇から皇帝の位を与えられたのは誰か,オットー1世
179,ヨーロッパ誕生,10世紀末の西フランク王国でカロリング朝の断絶後に位についたのは誰か,ユーグ・カペー
180,ヨーロッパ誕生,9世紀ロシアに来住したノルマン人によって建てられたロシアの国を何と言うか,ノヴゴロド国
181,ヨーロッパ誕生,10世紀初めにセーヌ川下流域にノルマン人の領地が建てられたがこの国を何と言うか,ノルマンディー公国
182,ヨーロッパ誕生,11世紀初めにイングランドに侵攻して支配したノルマンの王は誰か,クヌート
183,ヨーロッパ誕生,11世紀中頃イングランドを制圧したノルマン系の北フランスの領主は誰か,ノルマンディー公ウィリアム
184,ヨーロッパ誕生,12世紀ノルマン人が地中海方面に建国した国は何か,両シチリア王国
185,ヨーロッパ誕生,東方のギリシア正教会と分離し西洋キリスト教会の首座を占める教会組織を何と言うか,ローマ・カトリック教会
186,ヨーロッパ誕生,10世紀初めにフランスに設立されキリスト教会刷新運動の中心となった修道院を何と言うか,クリニー修道院
187,ヨーロッパ誕生,クリニー修道院で始まった改革運動の影響を受け聖職売買などを禁止し教皇権を強化しようとした教皇は誰か,グレゴリウス7世
188,ヨーロッパ誕生,グレゴリウス7世によって破門された神聖ローマ帝国の皇帝は誰か,ハインリヒ4世
189,ヨーロッパ誕生,皇帝の破門に対し教皇グレゴリウス7世に許しを求めた事件を何と言うか,カノッサの屈辱
190,ヨーロッパ誕生,13世紀教皇権が最も強大であった時の教皇は誰か,インノケンティウス3世
191,ヨーロッパ誕生,荘園内の耕地を3分割し3年に1回休耕地を置き地力を養った農業制度を何というか,三圃制
192,ヨーロッパ誕生,ビザンツ帝国が6世紀頃周辺のゲルマン国家を征服して大勢力になった時の皇帝は誰か,ユスティニアヌス大帝
193,ヨーロッパ誕生,ビザンツ帝国の属州行政組織・軍政を何と言うか,軍管区制（テマ制）
194,ヨーロッパ誕生,東西ローマ教会は対立を深め11世紀には完全に分裂したが東ローマ教会は何と言われるか,ギリシア正教会
195,ヨーロッパ誕生,ビザンツ帝国で皇帝が教会の最高首長を兼ね政教の両権を握ったことを何と言うか,皇帝教皇主義
196,ヨーロッパ誕生,ビザンツ帝国の首都コンスタンティノープルが十字軍によって一時占領されたのは第何回十字軍の時か,第4回十字軍
197,ヨーロッパ誕生,カールの大帝戴冠の年号は何か,800年
198,ヨーロッパ誕生,オットー1世が神聖ローマ皇帝の帝冠を教皇から授けられた年号は何か,962年
199,ヨーロッパ誕生,ヘイスティングズの戦いが起きた年号は何か,1066年
200,ヨーロッパ誕生,カノッサの屈辱が起きた年号は何か,1077年
201,ヨーロッパ誕生,クレルモン公会議が召集された年号は何か,1095年
202,中世ヨーロッパ,イスラム教徒に占領された聖地エルサレム回復のための戦いを起こすことを決めた会議とは何か,クレルモン宗教会議
203,中世ヨーロッパ,教皇権の絶対性を主張したが1303年にアナーニ事件でフランス国王であるフィリップ4世に捕らえられた教皇は誰か,ボニファティウス8世
204,中世ヨーロッパ,15世紀前半に起こった大分裂を解決し異端の審議をするために開かれた公会議を何というか,コンスタンツ公会議
205,中世ヨーロッパ,ノルマン朝断絶後フランスの領主がイギリスに開いた王朝は何か,プランタジネット朝
206,中世ヨーロッパ,プランタジネット朝のジョン王に反抗した貴族たちは後のイギリス憲法の基礎となる憲章を作らせたがこれを何と言うか,大憲章（マグナ・カルタ）
207,中世ヨーロッパ,教会領の課税問題で教皇と争い教皇を屈服させ教皇庁をアヴィニョンに移したフランス国王は誰か,フィリップ4世
208,中世ヨーロッパ,フィリップ4世が教皇との争いで国内の有力者の支持を得るために開いた会議を何と言うか,三部会
209,中世ヨーロッパ,カペー朝が断絶した後に成立したフランスの王朝を何と言うか,ヴァロワ朝
210,中世ヨーロッパ,成立後イギリスのエドワード3世がフランス王位継承権を主張したことで両国の間に始まった戦争を何と言うか,100年戦争
211,中世ヨーロッパ,100年戦争末期にフランス王を助けイギリス軍撃退に成功した少女は誰か,ジャンヌ・ダルク
212,中世ヨーロッパ,100年戦争後イギリスではランカスター家とヨーク家の両家による王位継承の内乱が起こったがこれを何と言うか,バラ戦争
213,中世ヨーロッパ,バラ戦争の後に成立したイギリスの王朝は何か,テューダー朝
214,中世ヨーロッパ,14世紀皇帝選出権を7人の有力な諸侯に認める勅書（金印勅書）を出した皇帝は誰か,カール4世
215,中世ヨーロッパ,15世紀中頃以降ドイツ皇帝はオーストリア王家によって占められていたがこの王家とは何か,ハプスブルク家
216,中世ヨーロッパ,イベリア半島をイスラム教徒の支配から解放しキリスト教徒の手にかえす運動を何と言うか,レコンキスタ（国土回復運動）
217,中世ヨーロッパ,キリスト教の教理・信仰研究する学問は何というか,神学
218,中世ヨーロッパ,11から12世紀に盛んになった教会の建築様式で厚い壁や半円状のアーチを使用したものを何というか,ロマネスク様式
219,中世ヨーロッパ,12世紀以降に盛んとなった尖頭アーチやステンドグラスが有名な教会の建築様式を何というか,ゴシック様式
220,中世ヨーロッパ,コンスタンツ公会議が召集された年号は何か,1414年
221,中世ヨーロッパ,プランタジネット朝が始まった年号は何か,1154年
222,中世ヨーロッパ,フランスでフィリップ4世によって三部会が初めて召集されたとされる年号は何か,1302年
223,中世ヨーロッパ,100年戦争が起きた年号は何か,1337年
224,中世ヨーロッパ,バラ戦争が起きた年号は何か,1455年
225,明と清,紀元前6世紀頃に南ロシアの草原地帯を支配した最初の遊牧国家を何と言うか,スキタイ
226,明と清,前2世紀より東アジアで最初の遊牧帝国を築き草原の道一帯を支配した部族を何と言うか,匈奴
227,明と清,地中海から紅海・ペルシア湾を通りアラビア海を渡ってインドに達しさらに東南アジアや中国に至る海上ルートを何と言うか,海の道
228,明と清,8世紀頃広州や泉州などに居留地を作ったイスラム教徒の商人を何と言うか,ムスリム商人
229,明と清,東シナ海交易圏と南シナ海交易圏の接点に位置し明への朝貢を活発に行いこれらの交易圏を結ぶ中継貿易によって繁栄した王国は何か,琉球王国
230,明と清,14世紀末にマレー半島南西部に成立しインド洋と南シナ海を結ぶ中継貿易によって繁栄した王国は何か,マラッカ王国
231,明と清,1368年に成立した漢民族の王朝を何というか,明
232,明と清,永楽帝の命で南海遠征を指揮した宦官は誰か,鄭和
233,明と清,13から16世紀に朝鮮・中国の沿岸で猛威を振るった海賊を何と言うか,倭寇
234,明と清,明は15世紀以降北からオイラトとタタールの侵入を受け南からは倭寇の侵入を受けたがこれらを合わせてなんというか,北虜南倭
235,明と清,明・清における農村の支配階級を何というか,郷紳
236,明と清,1371年明が中国人の海外への渡航を禁止したことを何と言うか,海禁政策
237,明と清,王陽明の儒学で「心即理」の立場から「知行合一」を説いたものを何と言うか,陽明学
238,明と清,顧炎武らが起こした文献を扱うのに実証を重視する学問を何というか,考証学
239,明と清,清朝第4代の皇帝で台湾を併合するなど清朝の中国支配を確立したのは誰か,康熙帝
240,明と清,父は明の武将・母は日本人で台湾を本拠地にして清に反抗したのは誰か,鄭成功
241,明と清,康熙帝がロシアのピョートル1世との間で清とロシアの間の国境を定めた条約を何というか,ネルチンスク条約
242,明と清,清朝第5代の皇帝で皇帝独裁体制を確立したのは誰か,雍正帝
243,明と清,清朝第6代の皇帝で大編纂事業を行い禁書などを強化したのは誰か,乾隆帝
244,明と清,康熙帝はモンゴル民族のオイラトの一部族を破ったがこの部族を何と言うか,ジュンガル
245,明と清,雍正帝が1732年に定めた軍事・行政上の最高機関を何と言うか,軍機処
246,明と清,清朝はモンゴル・新彊・チベット・青海に自治を任せていたがこれらを総称してなんというか,藩部
247,明と清,清朝は中央要職の定員を満州人と漢人から同数任命する方策をとったがこれを何というか,満漢併用制
248,明と清,康熙帝が一流の学者を集めて作らせた辞書を何というか,康熙字典
249,明と清,没落をたどる満州貴族の家庭を中心に描いた清代の長編小説を何と言うか,紅楼夢
250,明と清,イタリア出身のイエズス会宣教師で1582年マカオに上陸し中国布教に成功したのは誰か,マテオ・リッチ
251,明と清,イタリア出身のイエズス会宣教師で1715年北京に入り康熙・雍正・乾隆の3帝に仕えて絵を描き西洋画法を紹介したのは誰か,カスティリオーネ
252,明と清,イエズス会の中国での布教方法を巡って起こったカトリック諸派の論争を何というか,典礼問題
253,明と清,豪族出身の黎利が明の支配を退けてベトナムに建てた王朝を何と言うか,黎朝
254,明と清,14世紀から16世紀頃にかけてマラッカを中心に海上貿易で栄えた東南アジアの国を何というか,マラッカ王国
255,明と清,朝鮮半島では1392年高麗に次ぐ朝鮮最後の王朝李氏朝鮮が成立したがこの王朝の建国者は誰か,李成桂
256,明と清,明の初期頃には3つの勢力に分かれていたが15世紀初めに統一された沖縄を代表した国王は誰か,尚巴志
257,明と清,明の倭寇対策で正式の貿易船であることを証明するために交易諸国に勘合を与えたがこの勘合による貿易を何と言うか,勘合貿易
258,明と清,明王朝が滅亡した年号は何か,1644年
259,明と清,李氏朝鮮が成立した年号は何か,1392年
260,明と清,永楽帝が都を北京とした年号は何か,1421年
261,明と清,ネルチンスク条約が結ばれた年号は何か,1689年
262,明と清,マラッカ王国がアルブケルケらによって滅ぼされた年号は何か,1511年
263,オスマン帝国とムガル帝国,14世紀中頃の中央アジアは分裂状態となったがそれを再び統一して大帝国を建てたのは誰か,ティムール
264,オスマン帝国とムガル帝国,14世紀以降の中央アジアの商業・学芸の中心として栄えたティムール朝の都はどこか,サマルカンド
265,オスマン帝国とムガル帝国,ティムールが小アジアを攻めオスマン帝国の軍隊を1402年に破った戦いを何と言うか,アンカラの戦い
266,オスマン帝国とムガル帝国,オスマン帝国の第9代スルタンでシリア・エジプトを併合してメッカ・メディナの保護権を得たのは誰か,セリム1世
267,オスマン帝国とムガル帝国,オスマン帝国が最盛期を迎えた第10代のスルタンは誰か,スレイマン1世
268,オスマン帝国とムガル帝国,スレイマン1世が1535年にオーストリアとの対抗上フランス商人に領内での居住・通商の自由を認めたことを何と言うか,カピチュレーション
269,オスマン帝国とムガル帝国,オスマン帝国軍が1571年にスペイン・ヴェネツィアの連合軍と海戦を行い敗れた戦いをなんというか,レパントの海戦
270,オスマン帝国とムガル帝国,オスマン帝国では常備軍の一つとしてキリスト教徒の少年を改宗させて歩兵集団を作ったがこれを何と言うか,イェニチェリ
271,オスマン帝国とムガル帝国,ティムール朝衰退後のイランで神秘主義教団の長が1501年武装した信者を率いて開いた王朝は何か,サファヴィー朝
272,オスマン帝国とムガル帝国,サファヴィー朝でオスマン帝国から一部領土を取り返し最盛期を招いた第5代の王は誰か,アッバース1世
273,オスマン帝国とムガル帝国,ムガル帝国の第3代皇帝は誰か,アクバル
274,オスマン帝国とムガル帝国,アクバルが1564年ヒンドゥー教徒に行った優遇策は何か,ジズヤの廃止
275,オスマン帝国とムガル帝国,治世の大半を外征に費やし帝国の領土を最大にしたムガル帝国第6代の皇帝は誰か,アウラングゼーブ
276,オスマン帝国とムガル帝国,シク教の創始者は誰か,ナーナク
277,オスマン帝国とムガル帝国,ムガル帝国第5代皇帝（シャー・ジャハーン）がアグラに建てた陵墓を何というか,タージ・マハル
278,オスマン帝国とムガル帝国,オスマン帝国が建国した年号は何か,1299年
279,オスマン帝国とムガル帝国,オスマン帝国が滅亡した年号は何か,1922年
280,オスマン帝国とムガル帝国,ニコポリスの戦いの年号は何か,1396年
281,オスマン帝国とムガル帝国,メフメト2世がコンスタンティノープルの攻略に成功してビザンツ帝国を滅ぼした年号は何か,1453年
282,オスマン帝国とムガル帝国,パーニーパットの戦いの年号は何か,1526年
283,ヨーロッパの拡大とルネサンス,インドやスマトラの代表的な香辛料は何か,胡椒
284,ヨーロッパの拡大とルネサンス,アフリカ西岸の探検を奨励したポルトガル王子は誰か,エンリケ航海王子
285,ヨーロッパの拡大とルネサンス,喜望峰を回りインド西南の地に到達しアジアとの新航路を開拓したポルトガルの航海者は誰か,ヴァスコ・ダ・ガマ
286,ヨーロッパの拡大とルネサンス,16世紀初期ポルトガルが植民地としたインド西岸の都市はどこか,ゴア
287,ヨーロッパの拡大とルネサンス,16世紀初期ポルトガルが東方経営の拠点として征服したマレー半島南西部のイスラム王国を何というか,マラッカ王国
288,ヨーロッパの拡大とルネサンス,スペインから西側に航海してインド到達を企てアメリカ大陸の一部に到達したイタリアの航海者は誰か,コロンブス
289,ヨーロッパの拡大とルネサンス,コロンブスが最初の航海で発見したカリブ海東部の島々を何というか,西インド諸島
290,ヨーロッパの拡大とルネサンス,1494年ポルトガルとスペインの勢力境界線を設定した条約を何というか,トルデシリャス条約
291,ヨーロッパの拡大とルネサンス,ブラジルに漂着してここをポルトガル領とした人物は誰か,カブラル
292,ヨーロッパの拡大とルネサンス,スペイン王の命令で西方への大航海を企て南アメリカ南端の海峡を通過してアジアに到達したポルトガルの航海者は誰か,マゼラン
293,ヨーロッパの拡大とルネサンス,アステカ文明を破壊したスペインの征服者は誰か,コルテス
294,ヨーロッパの拡大とルネサンス,インカ文明を破壊したスペインの征服者は誰か,ピサロ
295,ヨーロッパの拡大とルネサンス,インディアンの強制労働により開発された新大陸最大の銀山を何と言うか,ポトシ銀山
296,ヨーロッパの拡大とルネサンス,新航路・新大陸の発見で東方貿易が衰え商業の中心が地中海から大西洋に移動したという変化を経済上何と言うか,商業革命
297,ヨーロッパの拡大とルネサンス,メキシコやペルーからの銀がヨーロッパに流出し物価が高騰した経済現象を何と言うか,価格革命
298,ヨーロッパの拡大とルネサンス,14世紀ごろイタリアに始まり後にヨーロッパ各地に展開された古典古代の学芸の復興や人間性の解放を目指す文化活動を何と言うか,ルネサンス
299,ヨーロッパの拡大とルネサンス,フィレンツェに生まれイタリア・ルネサンスの先駆者となった文学者は誰か,ダンテ
300,ヨーロッパの拡大とルネサンス,ダンテがトスカナ地方の口語で書いた大叙事詩は何か,神曲
301,ヨーロッパの拡大とルネサンス,文芸を保護し振興したフィレンツェの大富豪は誰か,ロレンツォ・デ・メディチ
302,ヨーロッパの拡大とルネサンス,16世紀フィレンツェの政治学者・歴史家で外交使節としても活躍し『君主論』を表したのは誰か,マキアヴェリ
303,ヨーロッパの拡大とルネサンス,『春』『ヴィーナスの誕生』『東方三博士の礼拝』などで有名な画家は誰か,ボッティチェリ
304,ヨーロッパの拡大とルネサンス,ルネサンス期に『最後の晩餐』『モナ・リザ』などの数々の名作を残した巨匠は誰か,レオナルド・ダ・ヴィンチ
305,ヨーロッパの拡大とルネサンス,16世紀の最高の学識者と言われ『愚神礼賛』を表したネーデルランドの人文主義者は誰か,エラスムス
306,ヨーロッパの拡大とルネサンス,レパントの海戦で負傷し左手を失った『ドン・キホーテ』の作者でもあるスペインの代表的作家は誰か,セルバンテス
307,ヨーロッパの拡大とルネサンス,トマス・モアが表した架空の理想国を描いて社会の世俗的風潮を批判したものは何か,ユートピア
308,ヨーロッパの拡大とルネサンス,『ハムレット』『マクベス』などで有名なイギリス・ルネサンスの代表的な劇作家は誰か,シェイクスピア
309,ヨーロッパの拡大とルネサンス,15世紀中頃活版印刷術を発明したドイツ人は誰か,グーテンベルク
310,ヨーロッパの拡大とルネサンス,地動説を唱え『天体の回転について』を表したポーランドの天文学者は誰か,コペルニクス
311,ヨーロッパの拡大とルネサンス,コロンブスがバハマ諸島に到達した年号は何か,1492年
312,ヨーロッパの拡大とルネサンス,アステカ帝国が滅亡した年号は何か,1521年
313,ヨーロッパの拡大とルネサンス,インカ帝国が滅亡した年号は何か,1533年
314,ヨーロッパの拡大とルネサンス,教皇子午線が取り決められた年号は何か,1493年
315,ヨーロッパの拡大とルネサンス,バルボアがパナマ地峡を横断して太平洋に到達した年号は何か,1513年
316,宗教改革,「95か条の論題」で教皇の贖宥状の販売に反対しドイツの宗教改革を始めた神学者は誰か,マルティン・ルター
317,宗教改革,ルターを召喚して教義の撤回を求めヴォルムス帝国議会を開いたドイツの皇帝は誰か,カール5世
318,宗教改革,トマス・ミュンツァーが指導し農奴制による負担の廃止を求めて起こった南ドイツの大規模な農民反乱を何と言うか,ドイツ農民戦争
319,宗教改革,イタリア支配を巡るドイツ・フランス・スペイン国王の16世紀前半の抗争を何と言うか,イタリア戦争
320,宗教改革,カール5世がオスマン帝国の攻撃を受け諸侯の協力を得るために一時ルター派を黙認したが1529年に再び禁止したことに抗議した人々を何と言うか,プロテスタント
321,宗教改革,ルター派の諸侯や都市の信仰を認めた帝国議会の和議を何というか,アウクスブルクの宗教和議
322,宗教改革,フランスで生まれスイスで宗教改革運動を起こして新しい教会制度を組織し厳格な規律によって神政政治を行った『キリスト教綱要』の著者は誰か,カルヴァン
323,宗教改革,自身の離婚問題によりカトリック教会から離れたイギリス国王は誰か,ヘンリー8世
324,宗教改革,メアリー1世の死後再び国教会に戻りイギリス絶対王政の最盛期を築いた国王は誰か,エリザベス1世
325,宗教改革,国教会の礼拝や祈祷を統一する法律を何と言うか,統一法
326,宗教改革,いわゆる新教に対抗する旧教側の内部の刷新や海外伝道などの運動を何と言うか,対抗宗教改革
327,宗教改革,対抗宗教改革運動の一つとして設立されたもので厳格な組織のもとで異邦伝道に功績のあった修道会は何か,イエズス会
328,宗教改革,宗教の教義の確認や内部改革・異端判決などを決め旧教の立て直しを図った会議を何というか,トリエント公会議
329,宗教改革,絶対王政を正当化する政治理論を何というか,王権神授説
330,宗教改革,資本主義初期の工場制度で資本の元で分業と協業により生産が行われる経営の方法を何と言うか,マニファクチュア（工場制手工業）
331,宗教改革,ネーデルランドやアメリカ大陸植民地など広大な領土を支配し「日の沈まない帝国」を形成したスペイン国王は誰か,フェリペ2世
332,宗教改革,オランダ独立運動の指導者で独立後の初代総督となった新教徒の貴族は誰か,オラニエ公ウィレム
333,宗教改革,17世紀ヨーロッパの商業・金融の中心として栄えたネーデルランド北部の都市はどこか,アムステルダム
334,宗教改革,15世紀末に成立しイギリス絶対王政を確立した王朝を何と言うか,テューダー朝
335,宗教改革,15世紀末から17世紀中頃イギリスで開放耕地や共同地を囲い込み牧場として利用することが盛んとなったがこれを何と言うか,第1次囲い込み（エンクロージャー）
336,宗教改革,エリザベス1世の治制中にアジアでの独占的な貿易と植民地経営を行う特権的会社が設立されたがこれを何と言うか,イギリス東インド会社
337,宗教改革,16世紀後半フランスにおける新旧両教派の戦いを何と言うか,ユグノー戦争
338,宗教改革,ユグノー戦争を終結させたフランス国王は誰か,アンリ4世
339,宗教改革,アンリ4世が出した新教徒に大幅な信仰の自由を許可する勅令を何と言うか,ナントの勅令
340,宗教改革,ルイ13世を補佐し30年戦争に介入した宰相は誰か,リシュリュー
341,宗教改革,1618年にドイツで新旧両派諸侯の内乱から始まり列国の介入を許して長期にわたりウェストファリア条約で終結した戦争を何と言うか,30年戦争
342,宗教改革,ヴォルムス帝国議会が開催された年号は何か,1521年
343,宗教改革,エリザベス1世によって統一法が出された年号は何か,1559年
344,宗教改革,トリエント公会議が開かれた年号は何か,1545年
345,宗教改革,ナントの勅令が出された年号は何か,1598年
346,宗教改革,オランダ独立戦争が始まった年号は何か,1568年
347,重商主義,イギリス絶対王政を支えた地主・大商人らで囲い込み運動や毛織物生産などを行った下級貴族階層を何と言うか,ジェントリ（郷紳）
348,重商主義,テューダー朝断絶後に成立した王朝を何と言うか,ステュアート朝
349,重商主義,高圧的な政治姿勢を取り議会と対立しピューリタン革命で処刑された国王は誰か,チャールズ1世
350,重商主義,スコットランドの反乱において議会派軍を指導した人物は誰か,クロムウェル
351,重商主義,クロムウェルが制定した商品の輸入を英国船と原産地の船に限定する法律を何と言うか,航海法
352,重商主義,共和制時代にクロムウェルが就任した独裁的な政治・軍事の最高官職を何と言うか,護国卿
353,重商主義,1660年のイギリスの王政復古の時に即位した国王は誰か,チャールズ2世
354,重商主義,チャールズ2世がカトリックを擁護したことなどに対して議会が決定施行した公職を国教徒に限定する法律を何と言うか,審査法
355,重商主義,議会が決定施行した不法な逮捕・裁判を禁じた法律を何と言うか,人身保護法
356,重商主義,ジェームズ2世が専制的な政治を行ったことにより議会が王の娘夫婦を招きジェームズ2世は亡命した事件を何というか,名誉革命
357,重商主義,名誉革命後に議会によって出された古くから認められたイギリス国民の権利と自由を確認する宣言を何というか,権利の宣言（権利の承認）
358,重商主義,ステュアート朝断絶後に成立したイギリス王朝は何か,ハノーヴァー朝
359,重商主義,ステュアート朝断絶後イギリスの王となったステュアート朝の血縁を引くドイツの貴族は誰か,ジョージ1世
360,重商主義,18世紀前半に始まった責任内閣制を始めた政治家は誰か,ウォルポール
361,重商主義,17世紀から18世紀にかけてフランス絶対王政の最盛期を演出した国王は誰か,ルイ14世
362,重商主義,ルイ14世に仕えフランス重商主義を確立したのは誰か,コルベール
363,重商主義,18世紀初期ある国の王位継承問題で起こした戦争を何というか,スペイン継承戦争
364,重商主義,スペイン継承戦争の講和条約の名称は何というか,ユトレヒト条約
365,重商主義,官僚制を整えて富国強兵に努めプロイセンをヨーロッパの強国とした18世紀半ばの国王は誰か,フリードリヒ2世
366,重商主義,オーストリアでカール6世の死後に即位した女帝は誰か,マリア・テレジア
367,重商主義,オーストリア継承戦争においてプロイセンはオーストリアからどの領土を奪ったか,シュレジエン
368,重商主義,プロイセンに対する報復のためオーストリアが起こした戦争を何というか,7年戦争
369,重商主義,領主的大農場経営により経済力をつけ地方政治・軍人・官僚の中核となったプロイセンの地主階級は何か,ユンカー
370,重商主義,キプチャク・ハン国の衰退に乗じて15世紀末に独立したロシアのモスクワ大公国の君主が名乗った称号を何というか,ツァーリ
371,重商主義,軍政・財政改革や商工業を奨励しロシアの西洋化に努めた皇帝は誰か,ピョートル1世
372,重商主義,ピョートル1世が中国と結んだ国境線確定の条約を何と言うか,ネルチンスク条約
373,重商主義,バルト海進出を目指しロシアがスウェーデンと行った戦いを何というか,北方戦争
374,重商主義,政治改革を進めロシアの対外進出に積極的であった啓蒙専制君主は誰か,エカチェリーナ2世
375,重商主義,18世紀末ポーランドはヨーロッパ諸国により分割されて消滅したがこのポーランド分割に反対して戦ったポーランド人の指導者は誰か,コシチュシコ
376,重商主義,ピューリタン革命における武力衝突が起きた年号は何か,1642年
377,重商主義,名誉革命が起きた年号は何か,1688年
378,重商主義,7年戦争が始まった年号は何か,1756年
379,重商主義,ユトレヒト条約が結ばれた年号は何か,1713年
380,重商主義,第1回ポーランド分割が起きた年号は何か,1772年
381,ヨーロッパ拡張,オランダの東インド総督が駐在したジャワ島の北西岸の港市をなんというか,バタヴィア
382,ヨーロッパ拡張,17世紀初期東南アジアでオランダとイギリスが対立した結果イギリスが東南アジアから撤退しインド方面に進出を強めることになった事件を何というか,アンボイナ事件
383,ヨーロッパ拡張,北アメリカのミシシッピ川中流域に設立されたフランスの植民地を何と言うか,ルイジアナ
384,ヨーロッパ拡張,7年戦争の時インドの支配を巡って英仏が争った際イギリスの勝利を確定した戦いを何というか,プラッシーの戦い
385,ヨーロッパ拡張,7年戦争中に英仏の北アメリカでの戦いのイギリス側の優勢を決定した条約を何というか,パリ条約
386,ヨーロッパ拡張,17世紀頃のヨーロッパ・アメリカ植民地・アフリカを結ぶ交易関係を何というか,三角貿易
387,ヨーロッパ拡張,新大陸やカリブ海諸島などで行われた黒人奴隷や先住民を役使した大農場を何と言うか,プランテーション
388,ヨーロッパ拡張,万有引力の法則を発見し微積分法を創始したイギリスの科学者は誰か,ニュートン
389,ヨーロッパ拡張,種痘法を発明し近代予防医学の先駆者となったイギリスの医学者は誰か,ジェナー
390,ヨーロッパ拡張,『ノヴム・オルガヌム』を表し観察と実験を通して真の知識の確立に努めたイギリスの哲学者は誰か,フランシス・ベーコン
391,ヨーロッパ拡張,認識の根拠を理性におき論理的な思考により真理に到達しようとする哲学の立場を何と言うか,合理論
392,ヨーロッパ拡張,近代合理主義哲学の祖とされ数学者でもあった哲学者は誰か,デカルト
393,ヨーロッパ拡張,イギリスの経験論と大陸の合理論を批判的に総合し認識能力の可能性や限界を明らかにしたドイツの哲学者は誰か,カント
394,ヨーロッパ拡張,『王権神授説』を説いたフランスの聖職者は誰か,ボシュエ
395,ヨーロッパ拡張,実際に行われる法のうえに人間社会の根本原理となる規範や法があると考える思想を何というか,自然法思想
396,ヨーロッパ拡張,自然法思想に立ち社会や国家は人民相互の契約によって成立したとする政治学説を何というか,社会契約説
397,ヨーロッパ拡張,機械論的世界観に立ち運動を唯一の実在とし人間界にも自然と同様の原則が支配すると考えた『リヴァイアサン』の著者のイギリスの哲学者は誰か,ホッブズ
398,ヨーロッパ拡張,社会契約説に立ち名誉革命を理論的に正当化したイギリスの哲学者は誰か,ジョン・ロック
399,ヨーロッパ拡張,人間の理性を絶対的に信頼して不合理な制度・習慣・風俗を批判する思想や立場を何と言うか,啓蒙思想
400,ヨーロッパ拡張,諸国の法制度を研究し三権分立を説いた『法の精神』の著者のフランスの法学者は誰か,モンテスキュー
401,ヨーロッパ拡張,『社会契約論』を表し自由・平等・人民主権を唱え文明社会の堕落に鋭い批判を向けたフランスの思想家は誰か,ルソー
402,ヨーロッパ拡張,国家や社会の富の源泉を生産に求め生産の基礎として農業を置きその自由な経済活動を主張した経済思想を何と言うか,重農主義
403,ヨーロッパ拡張,重農主義を唱えたフランスの代表的思想家は誰か,ケネー
404,ヨーロッパ拡張,『国富論』を表し重商主義を批判して個人の自由な経済活動を主張した人物は誰か,アダム・スミス
405,ヨーロッパ拡張,ヴェルサイユ宮殿に代表される美術や建築の様式を何というか,バロック様式
406,ヨーロッパ拡張,ルイ14世が完成させた豪華絢爛な宮殿は何か,ヴェルサイユ宮殿
407,ヨーロッパ拡張,写実的手法で明暗や色調の対比に優れ近代油絵技法を完成させたオランダ画派の代表的人物誰か,レンブラント
408,ヨーロッパ拡張,フリードリヒ2世が建てたロココ様式の建築物は何か,サン・スーシ宮殿
409,ヨーロッパ拡張,宗教音楽に名曲を残しオルガン奏者としても有名なドイツの音楽家は誰か,バッハ
410,ヨーロッパ拡張,イギリスの東インド会社が設立された年号は何か,1600年
411,ヨーロッパ拡張,オランダが台湾にゼーランディア城を建設した年号は何か,1624年
412,ヨーロッパ拡張,クロムウェルが航海法を出した年号は何か,1651年
413,ヨーロッパ拡張,アンボイナ事件が起きた年号は何か,1623年
414,ヨーロッパ拡張,プラッシーの戦いが起きた年号は何か,1757年
415,近代の形成,18世紀の毛織物工業に代わりイギリスの中心的工業となったのは何か,木綿工業（綿織物工業）
416,近代の形成,力織機を発明したのは誰か,カートライト
417,近代の形成,資本主義制度の形成によって生まれた階級で賃金をもらって生活する階級を何というか,労働者階級
418,近代の形成,産業革命の結果ランカシャー最大の綿工業都市となったのはどこか,マンチェスター
419,近代の形成,イングランド中部で製鉄・機械工業で有名な都市はどこか,バーミンガム
420,近代の形成,17世紀初めにイギリスのピューリタンの集団が移住して以来開拓されたアメリカ東北部の海岸地域を何と言うか,ニューイングランド
421,近代の形成,印紙法に反対した人々が反論の根拠として掲げた有名な語句は何か,代表なくして課税なし
422,近代の形成,東インド会社に茶の輸入と販売権を独占的に与える法律を何というか,茶法
423,近代の形成,茶法に反対する植民地の急進派が東インド会社の船を襲い積荷の茶を海中に投じた事件を何というか,ボストン茶会事件
424,近代の形成,アメリカ独立戦争の植民地軍の最高司令官は誰か,ワシントン
425,近代の形成,アメリカ独立戦争中トマス・ペインが表した有名なパンフレットを何と言うか,コモン・センス（常識）
426,近代の形成,アメリカ独立宣言の起草者の一人で第3代の大統領になった人物は誰か,トマス・ジェファソン
427,近代の形成,アメリカ独立戦争中イギリスによる中立国の通商妨害に抵抗してロシアの提唱で結成された同盟を何というか,武装中立同盟
428,近代の形成,17世紀から閉鎖されていたフランスの身分制議会を何というか,三部会
429,近代の形成,第三身分のみが真に国民を代表するものであるとして作った議会を何と言うか,国民議会
430,近代の形成,立憲君主制の立場を取り国王と内通しながら国民議会の中心として活躍した政治家は誰か,ミラボー
431,近代の形成,ミラボーの死で議会とのパイプが切れた国王が王妃と共にオーストリアに逃亡しようとして失敗した事件を何というか,ヴァレンヌ逃亡事件
432,近代の形成,憲法制定議会の後に制限選挙によって成立した議会を何というか,立法議会
433,近代の形成,立法議会の中で富裕な市民・商工業者・中産市民層を代表する穏健な共和派の集団を何と言うか,ジロンド派
434,近代の形成,8月10日事件の後に立法議会に代わり成立した男子普通選挙による一院制の新しい議会の名称を何と言うか,国民公会
435,近代の形成,フランス革命期に結成された政治集団で中小市民・労働者・小農民を代表して独裁政治を進めた人々を何と言うか,ジャコバン派
436,近代の形成,革命の徹底的な遂行のため国民公会は各種の機関を創立したがその中の政治の執行機関で事実上の政府の役割を果たしたものを何というか,公安委員会
437,近代の形成,ジャコバン派がジロンド派を国民公会から追放して独裁政治を開始し政敵を次々と処刑した政治を何というか,恐怖政治
438,近代の形成,ブリュメール18日のクーデター後のフランスの政体を何というか,統領政府
439,近代の形成,ナポレオンが制定したフランスの民法典を何というか,ナポレオン法典
440,近代の形成,ナポレオンがロシア・オーストリアの連合軍を破り第3回対仏大同盟が崩壊した戦いを何というか,アウステルリッツの戦い
441,近代の形成,イギリスとヨーロッパ諸国との通商を禁止しイギリスに経済的打撃を与えようとしたナポレオンの勅令をなんというか,大陸封鎖令
442,近代の形成,ナポレオン退位後にフランス王となったのは誰か,ルイ18世
443,近代の形成,ウィーン会議中ナポレオンがエルバ島を脱出して再びフランスの皇帝となった後イギリスとプロイセンなどの連合軍に大敗した戦いを何と言うか,ワーテルローの戦い
444,近代の形成,ボストン茶会事件が起きた年号は何か,1773年
445,近代の形成,アメリカ独立宣言が採択された年号は何か,1776年
446,近代の形成,フランス革命が勃発した年号は何か,1789年
447,近代の形成,ナポレオンが皇帝に就任した年号は何か,1804年
448,近代の形成,ワーテルローの戦いが起きた年号は何か,1815年
449,ウィーン体制,フランス革命・ナポレオン戦争の処理のための国際会議を何と言うか,ウィーン会議
450,ウィーン体制,ウィーン会議を主催したのは誰か,メッテルニヒ
451,ウィーン体制,ウィーン体制を維持するためヨーロッパの強国が結成した同盟を何というか,四国同盟
452,ウィーン体制,1806年頃南イタリアに成立した秘密結社でウィーン体制下のイタリアで自由主義運動を展開した組織は何というか,カルボナリ
453,ウィーン体制,ロシアにおいて農奴制の廃止や立憲政治の実現を求めて起きた自由主義者の武装蜂起をなんというか,デカブリストの乱
454,ウィーン体制,中南米のラテン系植民地における植民地生まれの白人を何と言うか,クリオーリョ
455,ウィーン体制,フランス革命中に黒人奴隷が反乱を起こして独立運動が広がりその後ナポレオン軍を撃退して1804年に共和国の独立を宣言した国はどこか,ハイチ
456,ウィーン体制,現在のコロンビア・ベネズエラなど南米諸国の独立を指導した人物は誰か,シモン・ボリバル
457,ウィーン体制,メッテルニヒによるラテンアメリカの独立運動への干渉を排除しようとした1823年アメリカ大統領が発表した宣言は何か,モンロー宣言
458,ウィーン体制,ルイ18世の後継者で反動政治を推し進めた国王は誰か,シャルル10世
459,ウィーン体制,フランスの7月革命後国王に即位したのは誰か,ルイ・フィリップ
460,ウィーン体制,イギリスの第1回選挙法改正によって参政権が与えられなかった労働者・中小市民が起こした運動を何というか,チャーティスト運動
461,ウィーン体制,穀物法の廃止運動を進めた指導的な人物を2人挙げよ,コブデン、ブライト
462,ウィーン体制,資本主義体制を変革し生産手段を共有することにより社会的不平等のない社会を実現しようとする思想を何というか,社会主義
463,ウィーン体制,2月革命直後の臨時政府に参加した社会主義者は誰か,ルイ・ブラン
464,ウィーン体制,『資本論』で資本主義の批判的解明を行った思想家は誰か,マルクス
465,ウィーン体制,2月革命後にパリの労働者や市民が起こした暴動を何というか,六月暴動
466,ウィーン体制,フランスの第二共和政下（1848年12月）の大統領選挙で当選したのは誰か,ルイ・ナポレオン
467,ウィーン体制,2月革命の影響を受けドイツで開かれた国家の統一方法や憲法制定を討論する議会を何というか,フランクフルト国民議会
468,ウィーン体制,19世紀におけるオスマン帝国内の領土と民族問題を巡るヨーロッパ列強の対立を何と言うか,東方問題
469,ウィーン体制,サルデーニャが英仏の要請を受けて参加した黒海方面での戦争を何というか,クリミア戦争
470,ウィーン体制,19世紀後半に起こったロシア・トルコ戦争の講和条約はなんというか,サン・ステファノ条約
471,ウィーン体制,サン・ステファノ条約にイギリス・オーストリアが反対したためその調整のために開かれた会議を何というか,ベルリン会議
472,ウィーン体制,ロシアの農村共同体を社会主義化の基盤と見なし農民を啓蒙することによりツァーリズムの打倒を図ろうとした人々を何というか,ナロードニキ
473,ウィーン体制,19世紀初頭にイギリスのトーリ党は名称を変えて何になったか,保守党
474,ウィーン体制,19世紀初期にイギリスのホイッグ党は名称を変えて何になったか,自由党
475,ウィーン体制,イギリスで第3回選挙法改正を施行した首相は誰か,グラッドストーン
476,ウィーン体制,ヴィクトリア女王時代の保守党を代表する政治家でスエズ運河の買収で有名な人物は誰か,ディズレーリ
477,ウィーン体制,2月革命を契機に盛り上がったイタリアの統一運動の中心となった組織を何というか,青年イタリア
478,ウィーン体制,イタリア統一運動の担い手となった北イタリアの王国を何というか,サルデーニャ王国
479,ウィーン体制,サルデーニャ王国でイタリア統一運動を進めた首相は誰か,カヴール
480,ウィーン体制,1860年義勇軍の赤シャツ隊を率いてシチリア・ナポリ王国を占領しサルデーニャ王に献上したのは誰か,ガリバルディ
481,ウィーン体制,19世紀前半商工業の発達を図るためドイツの領邦がプロイセンを中心として結成した経済的な結合を何と言うか,ドイツ関税同盟
482,ウィーン体制,1861年プロイセン国王に即位し軍制改革を行い強力な軍事力でドイツ統一を進めた人物は誰か,ヴィルヘルム1世
483,ウィーン体制,ヴィルヘルム1世により首相に登用されドイツ統一を進めたのは誰か,ビスマルク
484,ウィーン体制,ティエールの対ドイツ講和に反対して自治政権を宣言したがこのパリの市民・労働者の政治共同体を何というか,パリ・コミューン
485,ウィーン体制,1864年各国社会主義者がロンドンに集まって結成した国際的な労働運動の組織を何と言うか,第一インターナショナル
486,ウィーン体制,デカブリストの乱が発生した年号は何か,1825年
487,ウィーン体制,クリミア戦争が始まった年号は何か,1853年
488,ウィーン体制,サン・ステファノ条約後のベルリン会議が開かれた年号は何か,1878年
489,ウィーン体制,ルイ・ナポレオンが大統領選挙に勝利した年号は何か,1848年
490,ウィーン体制,ビスマルクが失脚した年号は何か,1890年
491,アメリカの発展,ナポレオン戦争中アメリカがイギリスの海運妨害に反発してイギリスと行った戦争を何というか,米英戦争（アメリカ・イギリス戦争）
492,アメリカの発展,米英戦争で活躍し国民的英雄となって大統領に選ばれアメリカ民主主義を発展させたのは誰か,ジャクソン
493,アメリカの発展,ジャクソンの支持者たちで組織され南部を有力な基盤とした政党を何というか,民主党
494,アメリカの発展,アメリカにおいて開拓された地域と未開拓の地域の境界を何というか,フロンティア
495,アメリカの発展,奴隷制反対運動から発展して組織され北部資本家・西部農民を基盤とした政党を何というか,共和党
496,アメリカの発展,1860年奴隷制度に反対する共和党の候補者が大統領に当選したがそれは誰か,リンカーン
497,アメリカの発展,南部11州がアメリカ合衆国を脱退してアメリカ連合国を作ったがそれによって発生した内戦を何というか,南北戦争
498,アメリカの発展,南北戦争中に発布されたもので公有地を開拓したものに一定の土地を無償給与する法律を何というか,ホームステッド法
499,アメリカの発展,1863年内外の世論の支持を得るためにリンカーンが発表した宣言を何というか,奴隷解放宣言
500,アメリカの発展,1869年アメリカの東部と太平洋側を結ぶ鉄道を何というか,大陸横断鉄道
501,アメリカの発展,古典主義は理性万能の啓蒙主義に反発し個性や感情を尊重した18世紀から19世紀中期の文芸思潮を何というか,ロマン主義
502,アメリカの発展,ギリシア独立戦争に参戦したイギリスのロマン派詩人は誰か,バイロン
503,アメリカの発展,ドレフュス事件で真実を守り社会正義を主張したフランスの自然主義文学の代表的作家は誰か,ゾラ
504,アメリカの発展,『キオス島の虐殺』で有名なフランスのロマン主義絵画の第一人者は誰か,ドラクロワ
505,アメリカの発展,「交響曲の父」と呼ばれたオーストリアの音楽家は誰か,ハイドン
506,アメリカの発展,『石割り』『世界の起源』などで有名なフランスの写実主義画家は誰か,クールベ
507,アメリカの発展,X線を発見したドイツの物理学者は誰か,レントゲン
508,アメリカの発展,古典派音楽を集大成しロマン派音楽への道を開いたドイツの作曲家は誰か,ベートーヴェン
509,アメリカの発展,弁証法という理論によりドイツ観念論哲学を大成させた哲学者は誰か,ヘーゲル
510,アメリカの発展,『落穂拾い』で有名なフランスの自然主義画家は誰か,ミレー
511,アメリカの発展,市民社会の客観的な認識に努め社会学を創始したフランスの哲学者は誰か,コント
512,アメリカの発展,ドイツ関税自主権や保護貿易主義の理論を提起したドイツの経済学者は誰か,リスト
513,アメリカの発展,厳密な資料批判と客観的叙述により近代歴史学の祖と言われるドイツの歴史学者は誰か,ランケ
514,アメリカの発展,エネルギー保存の法則の発見に貢献したドイツの科学者を2名挙げよ,マイヤー、ヘルムホルツ
515,アメリカの発展,『種の起源』を表して生物進化論を唱えたイギリスの生物学者は誰か,ダーウィン
516,アメリカの発展,電信機を発明し独特の符号による通信を考案した発明家は誰か,モールス
517,アメリカの発展,1876年電話機を発明したアメリカの発明家は誰か,ベル
518,アメリカの発展,米英戦争が始まった年号は何か,1812年
519,アメリカの発展,南北戦争が始まった年号は何か,1861年
520,アメリカの発展,リンカーンにより奴隷解放宣言が発せられた年号は何か,1863年
521,アメリカの発展,アメリカ政府がフロンティアの消滅を発表した年号は何か,1890年
522,アメリカの発展,プラット条項が出された年号は何か,1901年
523,植民地化,1699年オスマン帝国がハンガリー・トランシルヴァニアなどをオーストリアに割譲した条約を何と言うか,カルロヴィッツ条約
524,植民地化,18世紀の中頃アラビア半島のネジド地方に起こったイスラム教の一派でムハンマドの最初の教えに帰れと説いた新宗教を何というか,ワッハーブ派
525,植民地化,19世紀前半にイランに起こったバーブ教の創始者は誰か,サイイド・アリー・ムハンマド（バーブ）
526,植民地化,オスマン帝国のアブデュルメジト1世が1839年に開始した行政・財政・軍政などの西洋化への改革を何と言うか,タンジマート（恩恵改革）
527,植民地化,オスマン帝国は1876年初の憲法を制定して立憲議会と責任内閣制を始めたがこの憲法を何と言うか,ミドハト憲法
528,植民地化,カージャール朝が1828年にロシアと締結した条約を何というか,トルコマンチャーイ条約
529,植民地化,バーブ教徒が1848年にイギリス・ロシアへの屈従を拒んで武装蜂起した反乱をなんというか,バーブ教徒の乱
530,植民地化,1757年イギリス東インド会社軍がフランスとベンガル太守の連合軍を撃破したがこの戦いをなんというか,プラッシーの戦い
531,植民地化,イギリスは1767年から4回にわたってマイソール王国と戦いこれを征服したがこの戦いを何と言うか,マイソール戦争
532,植民地化,イギリスは1775年から3回にわたってマラーター同盟と戦い勝利を収めたがこの戦いを何と言うか,マラーター戦争
533,植民地化,イギリスは1845年から2度にわたってシク教徒と戦いこれに勝って全インドの征服を完成したがこの戦いをなんというか,シク戦争
534,植民地化,1857年5月に起きたインド初の民族的大反乱を何というか,インド大反乱（セポイの反乱）
535,植民地化,オランダが1830年にジャワ全土にサトウキビ・コーヒー・藍などの栽培を農民に強制したことを何と言うか,強制栽培制度
536,植民地化,1826年ペナン島・マラッカ・シンガポールで形成した植民地を何と言うか,海峡植民地
537,植民地化,タイの独立維持と西洋的近代化に努めた国王は誰か,チュラロンコン（ラーマ5世）
538,植民地化,広州（広州）貿易を独占していた清朝特許商人の組合は何か,公行
539,植民地化,イギリスは18世紀末から19世紀にかけて中国茶をイギリス本国へ・イギリス本国の綿製品などをインドへ・インド産アヘンを中国へ運ぶ貿易を行っていたがこれを何というか,三角貿易
540,植民地化,アヘン密貿易の取り締まりを強行した清国に対しイギリスが行った侵略戦争を何と言うか,アヘン戦争
541,植民地化,アヘン戦争での講和条約を何というか,南京条約
542,植民地化,1860年に結ばれた清朝とイギリス・フランスとのアロー戦争の講和条約を何と言うか,北京条約
543,植民地化,ロシアが1858年清朝と国境を定め黒竜江の地を手に入れた条約を何と言うか,アイグン条約
544,植民地化,日本海に臨む港市でロシアの極東経営の拠点になったのはどこか,ウラジオストク
545,植民地化,1851年1月広西省で起こった近代中国における最大の反乱を何というか,太平天国の乱
546,植民地化,太平天国軍は南京占領直後土地均分・男女平等などを盛り込んだ理想主義的な社会制度を交付したがこれを何というか,天朝田畝制度
547,植民地化,1860年頃から清では漢人官僚が中心になって西洋の軍事技術を導入したがこの富国強兵運動を何と言うか,洋務運動
548,植民地化,1875年に日本が朝鮮沿岸で挑発的な海軍演習や航路測量を行ったことで朝鮮軍の砲撃を受けたがこの事件を何というか,江華島事件
549,植民地化,閔妃の一族は1873年に李朝政権を掌握したがこの王妃一族を何というか,閔氏
550,植民地化,金玉均を中心とする開化派が1884年に起こしたクーデターを何というか,甲申政変
551,植民地化,李朝末期の1860年頃に崔済愚が創始した新しい宗教を何というか,東学
552,植民地化,甲午農民戦争の指導者で日本軍らにより捕らえられ処刑されたのは誰か,全琫準
553,植民地化,アヘン戦争が起きた年号は何か,1840年
554,植民地化,アロー戦争が始まった年号は何か,1856年
555,植民地化,アイグン条約が結ばれた年号は何か,1858年
556,植民地化,江華島事件が起きた年号は何か,1875年
557,植民地化,甲午農民戦争が起きた年号は何か,1894年
558,帝国主義,独占的大企業が支配的な段階で産業資本と銀行資本とが融合して形成された独占資本を何と言うか,金融資本
559,帝国主義,国際スエズ運河株式会社の財政難につけ込んで会社の支配権を獲得したイギリスの首相は誰か,ディズレーリ
560,帝国主義,保護関税策を主張し植民地大臣として南アフリカ戦争を遂行、イギリスの帝国主義政策を推進した政治家は誰か,ジョセフ・チェンバレン
561,帝国主義,1890年代頃のフランスで起こったユダヤ系軍人がスパイ容疑で逮捕された事件の真相究明が政治問題化した出来事を何と言うか,ドレフュス事件
562,帝国主義,ビスマルクがドイツ首相を辞任した後「世界政策」と呼ばれる帝国主義政策を積極的に推進したのは誰か,ヴィルヘルム2世
563,帝国主義,ロシア社会民主労働党が1903年に分裂した左派の人々を何と言うか,ボリシェヴィキ
564,帝国主義,ロシア社会民主労働党の中心的指導者は誰か,レーニン
565,帝国主義,日露戦争中生活に困窮したペテルブルクの労働者・市民たちが皇帝に請願のデモを起こし軍隊と衝突した事件を何と言うか,血の日曜日事件
566,帝国主義,第1次ロシア革命をなだめるため皇帝は国会の開設と憲法制定を約束したこの宣言を何というか,十月宣言
567,帝国主義,革命運動の弾圧や議会の解散などの反動政策を行う一方ロシアの古い農村共同体を解体して土地改革を進め資本主義化を促した政治家とは誰か,ストルイピン
568,帝国主義,米西戦争・ハワイ併合などを行ったアメリカ大統領は誰か,マッキンリー
569,帝国主義,革新主義を掲げ独占の規制・自然資源の保護を進める一方で帝国主義的政策を行ったアメリカ大統領は誰か,セオドア・ローズヴェルト
570,帝国主義,ケープ植民地首相となりイギリスの帝国主義政策を進めたのは誰か,セシル・ローズ
571,帝国主義,1899年から1902年に起こったケープ植民地の奥に建設した国に対するイギリスの侵略戦争を何と言うか,南アフリカ戦争（ボーア戦争）
572,帝国主義,ドイツの3B政策に対するイギリスの帝国主義政策の略称とは何か,3C政策
573,帝国主義,1898年英仏のアフリカ政策がナイル川の地で衝突した事件を何と言うか,ファショダ事件
574,帝国主義,1884年から85年列強のアフリカ分割の協定を作るためビスマルクが開いた会議を何と言うか,ベルリン会議
575,帝国主義,18世紀末からイギリスの植民地として開拓され19世紀に牧羊や鉱山の開発で急速に発展し1901年にイギリスの自治領となった国はどこか,オーストラリア
576,帝国主義,オーストラリア連邦の先住民を何というか,アボリジニ
577,帝国主義,19世紀末に起こった米西戦争の時期にアメリカに併合された太平洋上の島を何というか,ハワイ
578,帝国主義,アメリカの指導のもとに南北アメリカの諸国が政治・経済的な団結を図って開いた会議を何というか,パン・アメリカ会議
579,帝国主義,1903年アメリカの援助のもとでコロンビア共和国から独立した国はどこか,パナマ共和国
580,帝国主義,英仏協商・英露協商によって成立したイギリス・フランス・ロシア間でのドイツ包囲に向けた協力体制を何というか,三国協商
581,帝国主義,スラブ民族の団結と発展を目指す運動・思想を何と言うか,パン・スラブ主義
582,帝国主義,露土戦争の結果トルコから独立したスラブ系の民族でオーストリアと対立しパン・スラブ主義の先頭に立った国はどこか,セルビア
583,帝国主義,1908年に起こった青年トルコ人革命に乗じてオーストリア・ハンガリー帝国が併合したトルコ領土の一部はどこか,ボスニア・ヘルツェゴヴィナ
584,帝国主義,ドイツ・ロシア・オーストリアで三帝同盟を結んだ年号は何か,1873年
585,帝国主義,ファショダ事件が起きた年号は何か,1898年
586,帝国主義,フランスがチュニジアを保護国化した年号は何か,1881年
587,帝国主義,アドワの戦いが起きた年号は何か,1896年
588,帝国主義,アルヘシラス会議が開かれた年号は何か,1906年
589,アジアの改革,三国干渉の報酬としてロシアが中国から獲得した利権により敷設された鉄道を何というか,東清鉄道
590,アジアの改革,ロシアが極東政策の一環としてフランス資本を導入して敷設した鉄道を何というか,シベリア鉄道
591,アジアの改革,中国侵略で列国に遅れたアメリカが自国の権益を確立するために表明した声明を何というか,門戸開放宣言（門戸開放通牒）
592,アジアの改革,門戸開放宣言を発表したのは誰か,ジョン・ヘイ
593,アジアの改革,19世紀末中国における立憲君主制国家の樹立を目指した改革運動を何というか,変法運動
594,アジアの改革,変法運動の中心的人物となった公羊学者・政治家は誰か,康有為
595,アジアの改革,変法運動が弾圧され改革を進めた人々は失脚し皇帝が幽閉された事件を何と言うか,戊戌の政変
596,アジアの改革,変法運動は清朝内部の守旧派勢力に反対され弾圧されたがこの勢力の中心人物とは誰か,西太后
597,アジアの改革,1900年頃に河北に起こり「扶清滅洋」を掲げた大規模な民衆反乱を何というか,義和団事件
598,アジアの改革,義和団事件後列強と清で締結した講和条約を何と言うか,北京議定書
599,アジアの改革,1904年に始まった日本・ロシア間の朝鮮と中国東北部をめぐる戦争を何と言うか,日露戦争
600,アジアの改革,日露戦争を締めくくることになるアメリカ大統領セオドア・ローズヴェルトが斡旋者となった講和条約を何というか,ポーツマス条約
601,アジアの改革,1909年に伊藤博文を暗殺したのは誰か,安重根
602,アジアの改革,動揺する清朝専制支配体制の打倒を目指し広東出身者と華僑たちが組織した中国革命の結社を何というか,興中会
603,アジアの改革,興中会を結成した中国革命の指導者は誰か,孫文
604,アジアの改革,興中会は同様な目的を持つ他の結社と結合して強力な組織となったがそれは何か,中国同盟会
605,アジアの改革,孫文が中国革命の基本理念とした思想を何と言うか,三民主義
606,アジアの改革,清朝政府の幹線鉄道の国有化に反対し中国各地で反対運動が盛り上がり数ヶ月の間に14省が清朝からの分離独立を宣言した一連の動きを何というか,辛亥革命
607,アジアの改革,1912年1月南京で孫文を臨時大総統として発足した共和国をなんというか,中華民国
608,アジアの改革,孫文に次いで中華民国の臨時大総統に就任したのは誰か,袁世凱
609,アジアの改革,1885年に開かれたインドの民族主義運動を鎮めるために親英協調を図った会議を何というか,インド国民会議
610,アジアの改革,インドの反英民族主義運動の進展に対しイギリスはインド人の宗教的対立を利用して法律を発布し運動の分断を図ったがこの法律名をなんというか,ベンガル分割令
611,アジアの改革,フランスからの独立を求めるベトナム民族主義運動の指導的役割を果たしたのは誰か,ファン・ボイ・チャウ
612,アジアの改革,フィリピンの独立を認めないアメリカに対し反米独立運動を行った民族運動の指導者は誰か,アギナルド
613,アジアの改革,1906年に結成されたインドのイスラム教徒を支援した政治団体を何というか,全インド・ムスリム連盟
614,アジアの改革,19世紀末カージャール朝イランに対する抵抗運動を何というか,タバコ・ボイコット運動
615,アジアの改革,イランでは1905年から11年にかけて英露の侵略とこれに従属する政府に対し民衆が専制政治の改革を求めた運動を何というか,イラン立憲革命
616,アジアの改革,日露戦争が起きた年号は何か,1904年
617,アジアの改革,陳独秀が文学革命論を発表した年号は何か,1917年
618,アジアの改革,日本が対華21か条要求を提示した年号は何か,1915年
619,アジアの改革,辛亥革命が起きた年号は何か,1911年
620,アジアの改革,タバコ・ボイコット運動が起きた年号は何か,1891年
621,第一次世界大戦,第1次世界大戦の発端となった事件は何か,サライェヴォ事件
622,第一次世界大戦,第1次世界大戦においてドイツ・オーストリア側についた国々を何というか,同盟国
623,第一次世界大戦,第1次世界大戦初期に起きた西部戦線における両国の激戦は何か,マルヌの戦い
624,第一次世界大戦,第1次世界大戦中の東部戦線においてドイツがロシアを破った有名な戦いを何というか,タンネンベルクの戦い
625,第一次世界大戦,1916年7月連合国軍がドイツ軍に大反撃を仕掛けたが決定的な成果が挙げられなかった戦いを何というか,ソンムの戦い
626,第一次世界大戦,ドイツは戦況が不利となったので交戦水域にある船舶の無差別無制限撃沈作戦を立てたがこれを何というか,無制限潜水艦作戦
627,第一次世界大戦,ロシアにおいて3月革命の発端となった労働者のデモやストライキが起こったのはどこか,ペトログラード
628,第一次世界大戦,3月革命の主体となった労働者と兵士の代表による評議会を何というか,ソヴィエト
629,第一次世界大戦,社会革命党右派に属し臨時政府の指導者となった人物は誰か,ケレンスキー
630,第一次世界大戦,レーニンがロシア帰国後に発表した革命の基本方針を何と言うか,四月テーゼ
631,第一次世界大戦,1917年11月レーニンらが社会主義政権を樹立した革命を何というか,11月革命（十月革命）
632,第一次世界大戦,11月革命の直後ロシア最初の普通選挙で選出された議会を何と言うか,憲法制定議会
633,第一次世界大戦,1918年ソ連（ロシア）とドイツ・オーストリア間で成立した講和条約を何というか,ブレスト・リトフスク条約
634,第一次世界大戦,ソヴィエト政権で外務人民委員・陸海軍人民委員を歴任し永久革命論を唱えた人物は誰か,トロツキー
635,第一次世界大戦,1918年に社会民主労働党は何に改称したか,ロシア共産党
636,第一次世界大戦,ロシア革命後の義勇兵・のちに徴兵制により創設されたソヴィエト政権の軍隊を何と言うか,赤軍
637,第一次世界大戦,1919年3月に創設されたソ連共産党を中心とした各国共産主義勢力の連帯組織で世界革命を目指した国際組織を何というか,コミンテルン（第3インターナショナル）
638,第一次世界大戦,ロシア革命直後内戦と干渉戦争に対処するために取られたソ連の経済政策を何と言うか,戦時共産主義
639,第一次世界大戦,ロシア革命後生産回復のため若干の小企業や小作農の経営を認めその生産意欲を刺激するために取られた経済政策は何か,新経済政策（ネップ）
640,第一次世界大戦,サライェヴォ事件が起きた年号は何か,1914年
641,第一次世界大戦,タンネンベルクの戦いが始まった年号は何か,1914年
642,第一次世界大戦,ロマノフ朝が倒れた年号は何か,1917年
643,第一次世界大戦,コミンテルンが結成された年号は何か,1919年
644,第一次世界大戦,ドイツが無制限潜水艦作戦を強行した年号は何か,1917年
645,戦間期,1919年1月に開かれた第1次世界大戦の終結のための会議を何と言うか,パリ講和会議
646,戦間期,パリ講和会議の基礎となった原則をなんというか,ウィルソンの十四か条
647,戦間期,ウィルソンの十四か条提案に基づいて1920年に正式に設立された集団的国際安全保障機構は何と言うか,国際連盟
648,戦間期,第1次世界大戦後に結ばれた集団安全保障条約でラインラントの非武装化・現状維持を定めた条約を何と言うか,ロカルノ条約
649,戦間期,アメリカ大統領ハーディングの提唱で開かれた国際会議で主として軍縮問題を審議した会議を何というか,ワシントン会議
650,戦間期,1926年のイギリス帝国会議以後イギリス本国と全植民地の総称は何と変更されたか,イギリス連邦
651,戦間期,1919年アイルランドのシン・フェイン党は独立を宣言し22年には自治領としてイギリスもその独立を認めた国はどこか,アイルランド自由国
652,戦間期,第1次世界大戦後フランスの外相・首相を歴任しロカルノ条約・不戦条約を成立させた人物は誰か,ブリアン
653,戦間期,第1次世界大戦後ドイツで制定された当時世界で最も民主的な内容を持つと言われた憲法の名称を一般になんというか,ワイマール憲法
654,戦間期,ワイマール共和国の初代大統領は誰か,エーベルト
655,戦間期,ワイマール共和国の政治家で首相として通貨の安定・経済の再建を図り協調外交を積極的に推進した人物は誰か,シュトレーゼマン
656,戦間期,アメリカ合衆国が中心となってドイツの賠償金を緩和するために1924年に考案された方式を何というか,ドーズ案
657,戦間期,旧来の議会政治では対処できないような革命的状況の時に出現する反社会主義・反民主主義的な政治運動形態を何と言うか,ファシズム
658,戦間期,1919年ムッソリーニが反革命を目的とし保守層・中間層・農民の支持を受け結成した政党を何というか,ファシスト党
659,戦間期,1922年10月ムッソリーニが政権獲得のため強行したファシストのクーデターを一般になんというか,ローマ進軍
660,戦間期,ソ連一国だけで社会主義化が可能なことを主張した理論を何というか,一国社会主義論
661,戦間期,1915年日本が中国の袁世凱政府に要求したものを何と言うか,対華21か条要求
662,戦間期,日露戦争期に日本に留学し文学革命時に『狂人日記』『阿Q正伝』を発表した作家は誰か,魯迅
663,戦間期,日本の朝鮮における植民地支配の最高機関を何と言うか,朝鮮総督府
664,戦間期,第1次世界大戦後に朝鮮で起きた日本の支配からの独立を目指し朝鮮独立万歳を叫ぶ事件を何と言うか,三・一独立運動
665,戦間期,中国で学生・市民・労働者を含んで広まった21か条要求を認めるヴェルサイユ条約の破棄を目指した運動を何というか,五・四運動
666,戦間期,中国革命の中心的政党で1919年孫文を中心に組織されたものを何というか,中国国民党
667,戦間期,1924年コミンテルンの指導のもとに中国の革命勢力の統一が進んだことを何というか,第1次国共合作
668,戦間期,孫文の死後国民革命軍総司令として北伐を開始したが1927年のクーデターで国共分裂に踏み切った人物は誰か,蒋介石
669,戦間期,1927年蒋介石が上海で断行した反共クーデターを何というか,上海クーデター
670,戦間期,蒋介石を主席として南京に成立した政府を何というか,南京国民政府
671,戦間期,1919年インド政府が発表した反英運動を弾圧する法はなんというか,ローラット法
672,戦間期,ガンディーが主として指導した反英運動の方式はなんというか,非暴力・不服従
673,戦間期,ガンディーの後を受けインド国民会議派の代表として反英独立運動を進め独立後に初代首相となった人物は誰か,ネルー
674,戦間期,インドネシア独立運動の指導者でオランダから独立して初代大統領に就任したのは誰か,スカルノ
675,戦間期,ベトナム共産党の指導者で独立後初代大統領となったのは誰か,ホー・チ・ミン
676,戦間期,セーヴル条約を破棄して1923年に新しいトルコ政権が連合国と結んだ条約を何と言うか,ローザンヌ条約
677,戦間期,19世紀末各地のユダヤ人がパレスチナ地方に復帰して国家を建設しようとする運動を何というか,シオニズム運動
678,戦間期,1915年イギリスがアラブ人の戦争協力を条件としてアラブ人居住地区の独立を認めた約束を何というか,フセイン・マクマホン協定
679,戦間期,ユダヤ系金融資本の協力を得るためにイギリス外相が結んだ戦後にユダヤ人がパレスチナに建国するという約束を何というか,バルフォア宣言
680,戦間期,五・四運動が起きた年号は何か,1919年
681,戦間期,上海クーデターが起きた年号は何か,1927年
682,戦間期,四カ国条約で日英同盟が破棄された年号は何か,1921年
683,戦間期,国際連盟が発足した年号は何か,1920年
684,戦間期,不戦条約が結ばれた年号は何か,1928年
685,第二次世界大戦,1929年アメリカ合衆国の株価暴落に始まり世界を一大不況に陥れた経済界の変動を何というか,世界恐慌
686,第二次世界大戦,恐慌克服のためアメリカにおいて自由放任経済を抑え国家的統制を加えたフランクリン・ローズヴェルトの政策を何と言うか,ニューディール政策
687,第二次世界大戦,1931年にイギリスで成立した挙国一致内閣が断行した金融政策で国際的に大きな波紋を投げかけた政策を何というか,金本位制停止
688,第二次世界大戦,1931年イギリス連邦の成立を定めた立法を何というか,ウェストミンスター憲章
689,第二次世界大戦,イギリスの恐慌克服のため開かれたイギリス連邦経済会議を何と言うか,オタワ連邦会議
690,第二次世界大戦,オタワ連邦会議で本国と自治領の特定関税制度を中心として取られた経済方式を何というか,ブロック経済政策
691,第二次世界大戦,日本の関東軍による中国東北地方への侵略戦争を何と言うか,満州事変
692,第二次世界大戦,満州国の執政になったのは誰か,溥儀
693,第二次世界大戦,長征の中で共産党内の主導権を握り革命後に主席として絶大な力を持った人物は誰か,毛沢東
694,第二次世界大戦,長征の過程で中国共産党が内戦の停止と統一戦線の結成を呼びかけたものは何か,八・一宣言
695,第二次世界大戦,1936年に起こったスペイン内乱の中心人物は誰か,フランコ将軍
696,第二次世界大戦,1938年ヒトラーがイギリス・フランスの反対を押し切り軍隊を侵入させて併合した国はどこか,オーストリア
697,第二次世界大戦,1938年ズデーテン地方について独・意・英・仏の首脳が会談し英仏の妥協でヒトラーの要求を認めた会談をなんというか,ミュンヘン会談
698,第二次世界大戦,第2次世界大戦前ヒトラーの要求に対し平和的解決を目指して妥協したためにかえって侵略を助長したと言われる政策は何か,融和政策
699,第二次世界大戦,イギリス・フランスの融和政策に対しドイツとソ連がポーランド侵入直前に結んだ条約を何と言うか,独ソ不可侵条約
700,第二次世界大戦,フランス降伏後ロンドンに亡命し自由フランス政府を樹立して対独抗戦を続けた人物は誰か,ド・ゴール
701,第二次世界大戦,南方進出を目指した日本とドイツの脅威を受けたソ連が太平洋戦争直前に結んだ条約を何と言うか,日ソ中立条約
702,第二次世界大戦,第2次世界大戦でドイツの猛攻に屈せずイギリスを守り連合軍の中心人物でもあった首相は誰か,チャーチル
703,第二次世界大戦,第2次世界大戦開始後日本とドイツ・イタリアとの間で結ばれたものでアメリカを仮想敵国としている条約を何というか,日独伊三国同盟
704,第二次世界大戦,太平洋戦争の皮切りとなった日本側の奇襲攻撃を何というか,真珠湾攻撃
705,第二次世界大戦,1941年末に始まった日本とアメリカ・イギリスの戦争を何と言うか,太平洋戦争
706,第二次世界大戦,日本を盟主とする東アジアの軍事・政治・経済ブロックで互いに助け合うこととした当時の思想で日本の侵略行為を正当化したと一般に評価される用語を何というか,大東亜共栄圏
707,第二次世界大戦,日中戦争以後日本は朝鮮の植民地支配を強化するため朝鮮人固有の姓名を廃止して日本人式の姓名に改めるようにしたがこれを何というか,創氏改名
708,第二次世界大戦,1943年ドイツ軍が壊滅し独ソ戦の決定的な転機となった戦いを何というか,スターリングラードの戦い
709,第二次世界大戦,連合国首脳が主として日本問題について会談し宣言したものを何と言うか,カイロ宣言
710,第二次世界大戦,連合国の首脳が1943年11から12月主に第二戦線問題を協議した会議を何というか,テヘラン会談
711,第二次世界大戦,1944年米軍を主力とする本格的な上陸作戦はどこで行われたか,ノルマンディー
712,第二次世界大戦,1945年2月ローズヴェルト・チャーチル・スターリンは戦後処理について会談しソ連の対日参戦についても話し合い参戦が決定した会談をなんというか,ヤルタ会談
713,第二次世界大戦,太平洋戦争で連勝の日本軍にとって大敗の契機となった海戦を何というか,ミッドウェー海戦
714,第二次世界大戦,1945年7月末に連合国を発した対日共同宣言を何と言うか,ポツダム宣言
715,第二次世界大戦,世界恐慌が始まった年号は何か,1929年
716,第二次世界大戦,満州事変が起きた年号は何か,1931年
717,第二次世界大戦,日ソ中立条約が結ばれた年号は何か,1941年
718,第二次世界大戦,真珠湾攻撃が発生した年号は何か,1941年
719,第二次世界大戦,カイロ会談が開催された年号は何か,1943年
720,戦後と冷戦,ローズヴェルトとチャーチルの大西洋会談で成立したもので戦後の国際協調の構想を示したものを何というか,大西洋憲章
721,戦後と冷戦,1945年50カ国の代表によって国際連合憲章を採択した会議を何と言うか,サンフランシスコ会議
722,戦後と冷戦,国連の機構の中で最も有力な機関で国際紛争解決の権限を持っているものを何というか,安全保障理事会
723,戦後と冷戦,安全保障理事会の中で5つの常任理事国だけが保有している権限をなんというか,拒否権
724,戦後と冷戦,国連の専門機関で国際的な為替安定を図ろうとするために設立された機関を何と言うか,国際通貨基金（IMF）
725,戦後と冷戦,第2次世界大戦後の直接的な軍事衝突によらないアメリカ・ソ連の対立を一般になんというか,冷たい戦争（冷戦）
726,戦後と冷戦,ソ連勢力の拡大防止のためトルコ・ギリシャへの援助を行おうとするアメリカ大統領の声明を何というか,トルーマン・ドクトリン
727,戦後と冷戦,トルーマン・ドクトリン以降のアメリカの対ソ基本政策を何というか,封じ込め政策
728,戦後と冷戦,第2次世界大戦後アメリカによるヨーロッパの経済復興のための援助計画を何というか,マーシャル・プラン
729,戦後と冷戦,1947年ソ連を中心として東欧9カ国の共産党が結成した国際組織を何と言うか,コミンフォルム
730,戦後と冷戦,1949年ソ連と東欧諸国との間で結ばれた経済協力機構を何と言うか,コメコン（経済相互援助会議）
731,戦後と冷戦,1949年米・英・仏・意を中心に12カ国で結成された集団安全保障の軍事機構は何か,北大西洋条約機構（NATO）
732,戦後と冷戦,1949年にドイツは東西2つの国に分裂したがそのうち西側のキリスト教民主同盟を指導して首相となった人物は誰か,アデナウアー
733,戦後と冷戦,1955年ソ連を中心とする東欧8カ国が北大西洋条約機構に対抗して結成した機構を何というか,ワルシャワ条約機構
734,戦後と冷戦,中国共産党が1949年10月北京で成立を宣言した毛沢東を国家主席とする国はどこか,中華人民共和国
735,戦後と冷戦,1950年中国とソ連との間で結ばれた軍事同盟を何と言うか,中ソ友好同盟相互援助条約
736,戦後と冷戦,ベトナムで日本の敗戦直後直ちにハノイで独立宣言を行った国はどこか,ベトナム民主共和国
737,戦後と冷戦,日本の敗戦直後独立したベトナム民主共和国がフランスと戦い勝利を得たこの戦争を何と言うか,インドシナ戦争
738,戦後と冷戦,インドシナ戦争を終結させた協定を何というか,ジュネーヴ休戦協定
739,戦後と冷戦,1965年マレーシアから分離独立した国はどこか,シンガポール
740,戦後と冷戦,住民はイスラム系で藩主がヒンドゥー系のためインド・パキスタン間で争奪の標的となった問題を何というか,カシミール帰属問題
741,戦後と冷戦,1948年にイスラエルの建国を認めないアラブ諸国とイスラエルとの間で始まった戦争を何と言うか,パレスチナ戦争（第1次中東戦争）
742,戦後と冷戦,1950年朝鮮半島の北緯38度線付近で始まった戦争を何というか,朝鮮戦争
743,戦後と冷戦,1951年日本がアメリカを中心とする連合国48カ国と結んだ講和条約を何というか,サンフランシスコ平和条約
744,戦後と冷戦,1953年トルーマンに代わってアメリカ大統領となり米ソ両国の話し合いの兆しを作った共和党の大統領は誰か,アイゼンハワー
745,戦後と冷戦,1958年にフランス・西ドイツ・イタリアなどが発足させた経済的統合体に発展した機関を何と言うか,ヨーロッパ経済共同体（EEC）
746,戦後と冷戦,ヨーロッパ経済共同体が1967年ヨーロッパ原子力共同体などと合併して西ヨーロッパ統合の基礎となったがこれを何というか,ヨーロッパ共同体（EC）
747,戦後と冷戦,中華人民共和国が成立した年号は何か,1949年
748,戦後と冷戦,インドシナ戦争が始まった年号は何か,1946年
749,戦後と冷戦,朝鮮戦争が休戦した年号は何か,1953年
750,戦後と冷戦,第1次中東戦争が発生した年号は何か,1948年
751,戦後と冷戦,パレスチナ分割案が出された年号は何か,1947年
752,第三世界,1955年アジア・アフリカの29カ国の首脳がインドネシアに参集し平和10原則などを採択した会議を何と言うか,アジア・アフリカ会議（バンドン会議）
753,第三世界,エジプト革命の指導者で1956年に大統領となりスエズ運河国有化やダムの建設などを行った人物は誰か,ナセル
754,第三世界,ナセルが実現させたナイル渓谷の巨大なダムを何というか,アスワン・ハイ・ダム
755,第三世界,1956年ナセルのスエズ運河国有化宣言に対しイスラエルがエジプトに侵入し続いて英仏軍が出兵した戦争を何というか,スエズ戦争（第2次中東戦争）
756,第三世界,フランスに対する長い民族解放戦争の結果1962年にド・ゴール政府によって独立を承認された国はどこか,アルジェリア
757,第三世界,アフリカで一挙に17の（新興）独立国が生まれた1960年は何と呼ばれるか,アフリカの年
758,第三世界,1959年ラテンアメリカで最初の社会主義政権を樹立した革命を何というか,キューバ革命
759,第三世界,1962年ソ連のミサイルのキューバへの持ち込みに端を発した米ソの国際的対立を何と言うか,キューバ危機
760,第三世界,1957年に開かれたバートランド・ラッセルらの科学者による核兵器禁止の会議を何と言うか,パグウォッシュ会議
761,第三世界,中国では1958年から工業生産の増大を図る運動があったそのため村を単位とする農業集団化が強行されたがその組織体をなんというか,人民公社
762,第三世界,1966年以降中国において文芸作品批判から始まった運動が劉少奇ら有力幹部の失脚にも及んだ権力闘争を何と言うか,プロレタリア文化大革命
763,第三世界,文化大革命で失脚した中国の指導者で華国鋒の後党内最大の実力者となった人物は誰か,鄧小平
764,第三世界,1965年のアメリカによる北爆以降一層拡大したアジアの戦争を何というか,ベトナム戦争
765,第三世界,1969年ジョンソンの後を受けて就任しベトナムからの段階的撤兵に転じたアメリカの大統領は誰か,ニクソン
766,第三世界,大韓民国における1961年の軍事クーデターを指導し63年に大統領に就任した人物は誰か,朴正熙
767,第三世界,インドネシア初代大統領であるスカルノが失脚した1965年の事件を何と言うか,9・30事件
768,第三世界,9・30事件後大統領となった人物は誰か,スハルト
769,第三世界,1967年インドネシア・マレーシア・フィリピン・シンガポール・タイの5カ国で結成された経済的な協力機構を何というか,東南アジア諸国連合（ASEAN）
770,第三世界,民主党出身のアメリカ大統領でキューバ危機以降米ソ共存政策を推し進めた人物は誰か,ケネディ
771,第三世界,アメリカ大統領ケネディが国内政策として掲げたスローガンを何というか,ニューフロンティア政策
772,第三世界,ケネディの暗殺後大統領に昇格しベトナム戦争の北爆を強行し批判された人物は誰か,ジョンソン
773,第三世界,ジョンソンが1964年に制定した黒人保護のための人種差別撤廃法を何と言うか,公民権法
774,第三世界,1964年のフルシチョフ解任後ソ連共産党書記長として絶対的権力を維持した人物は誰か,ブレジネフ
775,第三世界,東ベルリンから西ベルリンに脱出する者が増えた東ドイツでこれを阻止するために取られた処置をなんというか,ベルリンの壁の構築
776,第三世界,1968年に東欧一の工業国で自由化の波が広がったがこの動きを何と言うか,プラハの春
777,第三世界,1973年アラブ側が攻撃し米ソの仲介で沈静化した戦争を何と言うか,第4次中東戦争
778,第三世界,アラブ石油輸出国機構の石油戦略により石油価格の大幅な値上げがあったため日本などの先進国の経済が衝撃を受けた現象を何というか,オイル・ショック（石油危機）
779,第三世界,バンドン会議が開かれた年号は何か,1955年
780,第三世界,キューバ危機が起きた年号は何か,1962年
781,第三世界,ASEANが結成された年号は何か,1967年
782,第三世界,9・30事件が起きた年号は何か,1965年
783,第三世界,第3次中東戦争が起きた年号は何か,1967年
784,冷戦の終わり,1968年国連総会で採択されたもので核保有国が新たに核兵器を保有することを禁止した条約を何と言うか,核不拡散条約（NPT）
785,冷戦の終わり,1969年以来米ソ両国間で核兵器の制限交渉が進められ72年には核兵器の現状凍結する協定が結ばれたがこの交渉を何というか,第1次戦略兵器制限交渉（SALT I）
786,冷戦の終わり,1978年に日本と中国で結ばれた条約を何と言うか,日中平和友好条約
787,冷戦の終わり,1992年のマーストリヒト条約によってECは何という機構に発展したか,ヨーロッパ連合（EU）
788,冷戦の終わり,イギリスにおいて1979年の選挙で保守党が勝利した時の女性首相は誰か,サッチャー
789,冷戦の終わり,ドイツでは社会民主党の首相に変わり1982年にはキリスト教民主同盟が選挙に勝ったがその時の首相は誰か,コール
790,冷戦の終わり,共和党出身でカリフォルニア知事から1980年に大統領に当選し「強いアメリカ」を唱えて強硬外交を進めた人物は誰か,レーガン
791,冷戦の終わり,アメリカのブッシュ大統領は1989年ソ連のゴルバチョフとの間で首脳会談を行い事実上冷戦を終結させたがこの会談をなんというか,マルタ会談
792,冷戦の終わり,1979年ソ連軍が突如軍事介入して全土を占領した国はどこか,アフガニスタン
793,冷戦の終わり,1979年から就任したイランの隣国（イラク）の大統領は誰か,サダム・フセイン
794,冷戦の終わり,1985年にソ連の書記長となりソ連社会の停滞を打ち破るためソ連の社会政治の見直しを始めた政治家は誰か,ゴルバチョフ
795,冷戦の終わり,ソ連のゴルバチョフの政策でソ連の政治社会に関わる改革を何というか,ペレストロイカ
796,冷戦の終わり,1991年からのロシア連邦の大統領は誰か,エリツィン
797,冷戦の終わり,1991年ロシア連邦を中心に11の共和国が結成した組織を何というか,独立国家共同体（CIS）
798,冷戦の終わり,1989年東ドイツで起こった劇的な大変動を何というか,ベルリンの壁崩壊
799,冷戦の終わり,1989年中国で民主化を要求する学生・労働者を政府が武力で弾圧した事件を何と言うか,第二次天安門事件
800,冷戦の終わり,南アフリカ共和国が国際世論の批判の中で行っていた独自の黒人差別政策を何と言うか,アパルトヘイト
801,冷戦の終わり,ベトナム戦争後カンボジアでは農業を基盤とした共産主義社会の建設を強行して多くの犠牲者を出したがその指導者は誰か,ポル・ポト
802,冷戦の終わり,1980年ポーランドのワレサの指導のもとに結成され自由化を主張した組織を何と言うか,「連帯」
803,冷戦の終わり,1979年中国がベトナムへ侵攻したことで起きた社会主義国同士の戦争を何というか,中越戦争
804,冷戦の終わり,冷戦の終了後世界の地域紛争の調停に主導的役割を演ずるようになった国連運動を何と言うか,国連平和維持活動（PKO）
805,冷戦の終わり,チトーが死去した年号は何か,1980年
806,冷戦の終わり,ベルリンの壁が崩壊した年号は何か,1989年
807,冷戦の終わり,ソ連が崩壊した年号は何か,1991年
808,冷戦の終わり,マーストリヒト条約が調印された年号は何か,1992年
809,冷戦の終わり,EUでユーロが使用され始めた年号は何か,1999年
810,現代,南北問題解決のために4年に1回開催される国連の補助機関を何というか,国連貿易開発会議（UNCTAD）
811,現代,韓国・台湾・シンガポール・ブラジルなどの発展途上国の中で工業の育成に成功した地域を何というか,新興工業経済地域（NIES）
812,現代,1989年にオーストラリアのホーク首相が提唱した環太平洋地域における多国間経済協力を進めるための機構を何というか,アジア太平洋経済協力会議（APEC）
813,現代,1967年イスラエルがたった6日でアラブ諸国に圧勝した戦争を何というか,第3次中東戦争
814,現代,第3次中東戦争によってイスラエルに奪われた土地回復のためパレスチナ人が結成した解放機構を何というか,パレスチナ解放機構（PLO）
815,現代,1970年にナセルの死後エジプト大統領に就任したのは誰か,サダト
816,現代,1979年のエジプト・イスラエル平和条約によってイスラエルがエジプトに返還したのはどの地域か,シナイ半島
817,現代,パフレヴィー2世の近代化政策が農村の貧富の差を拡大したため起こった国王の独裁への反対運動の宗教指導者は誰か,ホメイニ
818,現代,ホメイニのもとに1979年に成立した国家を何というか,イラン・イスラム共和国
819,現代,サダム・フセインが国境問題の対立から1980年イランに侵入して起きた長期の戦争を何というか,イラン・イラク戦争
820,現代,サダム・フセインが1990年にクウェートに侵攻したがアメリカを中心とする多国籍軍の攻撃で敗退した戦争を何というか,湾岸戦争
821,現代,1986年ソ連の原子炉で起こり放射能汚染が周辺諸国にも広がった重大な事故を何と言うか,チェルノブイリ原発事故
822,現代,大韓民国と日本との間で1965年に結ばれた条約を何と言うか,日韓基本条約
823,現代,1980年韓国で朴正熙の死後大統領になったのは誰か,全斗煥
824,現代,1988年韓国において初めて国民投票によって選ばれた大統領は誰か,盧泰愚
825,現代,韓国の政治家で1980年の光州事件で逮捕されたのは誰か,金大中
826,現代,1994年黒人として初の南アフリカ共和国初代大統領に就任したのは誰か,ネルソン・マンデラ
827,現代,人間の無意識の世界を研究する精神分析学を確立したのは誰か,フロイト
828,現代,相対性理論を発表した科学者は誰か,アインシュタイン
829,現代,現代物理学の中で素粒子・原子核などに適用する力学を何というか,量子力学
830,現代,1883年にドイツ人のダイムラーが発明しその後アメリカ人のフォードが大量生産方式にしたものを何というか,自動車
831,現代,1903年ライト兄弟が発明し第1次世界大戦で初めて兵器として用いられたものを何というか,飛行機
832,現代,人工的にロケットで打ち上げた物体が地球の周りを公転し続けるように軌道に乗せたものを何と言うか,人工衛星
833,現代,ペニシリンなどの化学療法の物質を何というか,抗生物質
834,現代,アメリカ哲学思想の主流となった思想で実用的な価値を重んじる現代の哲学思想を何というか,プラグマティズム
835,現代,スペイン生まれのフランスの画家で『ゲルニカ』で知られる作者は誰か,ピカソ
836,現代,アメリカの宇宙船で1969年初の月面着陸・帰還に成功したものは何と呼ばれているか,アポロ11号
837,現代,『収容所群島』の著者は誰か,ソルジェニツィン
838,現代,サグラダ・ファミリアの建築に取りかかったスペインの建築家は誰か,ガウディ
839,現代,26歳で大学教授となったドイツの天才的物理学者で不確定性原理を発表し後にドイツの原爆製造にも関わって製造を遅らせようとしたと言われる人物は誰か,ハイゼンベルク
840,現代,キャロザースが開発した合成繊維を何というか,ナイロン
841,現代,2015年に採択されたもので気候変動枠組み条約に加盟するすべての国が批准したとともに中華人民共和国とアメリカ合衆国が両方とも批准したという意味で重要な意味がある気候変動抑制のための協定は何か,パリ協定
842,現代,19世紀の実証主義・合理主義への反動として生まれ人間を本来非合理的存在として捉え不条理の中に動揺する人間のあり方を追求する哲学は何か,実存主義
843,現代,アフリカ連合（AU）が結成された年号は何か,2002年
844,現代,東日本大震災が発生した年号は何か,2011年
845,現代,パリ協定が締結された年号は何か,2015年
846,現代,シンガポールでの米朝首脳会談が実現した年号は何か,2018年
847,現代,アメリカが中華人民共和国におけるウイグル人弾圧をジェノサイドと認定した年号は何か,2021年